"comment_id","author","body","like_count","reply_count","date","source","segment","channel"
"Ugw-9HIGvJr0Z1iZZyx4AaABAg","@chrishulsey2813","Man I know this is old but can you review the newer ultras with 1tb storage and 8 Gen elite",0,0,"2026-05-03T12:24:10Z","youtube","positive","mkbhd"
"UgwMtrWVbmFWifzG4r54AaABAg","@brettgirl","Ladies with small hands need phones too! I have an iphone 13 mini because it's small and I can hold it in my hands without risk of dropping it and shuffling it in one hand.",0,0,"2026-04-28T15:45:50Z","youtube","positive","mkbhd"
"UgwMBKQZdheaKEMlh8p4AaABAg","@ZoeMor-u5p","Don't waste your money, the middle part where it folds will eventually damage the pixels in the lcd. I wasted my time and money",0,0,"2026-04-06T05:55:47Z","youtube","positive","mkbhd"
"UgxASY7bEBKG3vLuRsh4AaABAg","@WalterSobchack-s8n","I am surprised how tech companies miss obvious facts
 Like the only reason someone will pick a razr over  Galaxy flip is that the nostalgia of the original razr. The giant chin, look and the snappy flip is a feature that makes a razr a razr. Why drop your key strength the original razr look and copy samsung design ? Its just stupid",0,0,"2026-04-02T05:27:44Z","youtube","positive","mkbhd"
"UgyjXVxQHUbY3X3jfgB4AaABAg","@DTow-p1x7x","It's crazy how the chipsets works in these phones now it's crazy hell 8 gen 1 8 gen 2 and 8 gen 3 are considered mid-range when they were flagship at first so I guess when a newer chip set comes out the 8 elite 5 chipset is going to be considered mid-range then huh it's crazy how the previous chipsets that were flagships are considered mid-range now That's insane work",0,0,"2026-03-30T13:47:43Z","youtube","positive","mkbhd"
"UgzvEQUa8UYfuz_IarN4AaABAg","@codeheretic","With the clicks keyboard, it proves it's exactly what so many people wanted the whole time. I'm not worried about scrolling on addictive apps. I straight up do not want to use them at all. I see no use. I do not want a vertical phone. I want a device that feels good to use.",0,0,"2026-03-29T18:28:56Z","youtube","positive","mkbhd"
"Ugzs4ErCaJgW88NG9bh4AaABAg","@Lemmegooglethat..","Speaking of wallets thats what its designed like i even have a nice case from temu that turns it into a wallet!",0,0,"2026-03-17T06:09:03Z","youtube","positive","mkbhd"
"UgzcOmsV9OLioaCgoI94AaABAg","@davdooo-k9w","Razr+ 2025?",1,0,"2026-03-07T02:01:20Z","youtube","positive","mkbhd"
"UgyQTYR5xSSd_MjXAs54AaABAg","@Jaycat48","I'm pretty sure the processor is a snapdragon 8 gen 3.",0,0,"2026-02-26T00:01:03Z","youtube","positive","mkbhd"
"UgxHHtn-gbaqfU1X3Rt4AaABAg","@frank-bmtz","I have the base model Razr 2025. Super useful and practical.",0,0,"2026-02-08T22:25:00Z","youtube","positive","mkbhd"
"UgzOe4XEG0Tpy7NBnbV4AaABAg","@DudeNamedRandy","Just picked one up for $170 ❤ I love it! Also retro mode is awesome! 😎",0,0,"2026-01-26T14:56:22Z","youtube","positive","mkbhd"
"UgwvkxGkbcciM27hKi94AaABAg","@DrFabianBlair","Should have stick to the 2020 original nostalgic style. That actually looked like a razor blade sharp.. This round thing go against the name",0,0,"2026-01-10T00:45:35Z","youtube","positive","mkbhd"
"Ugx4z1JeW9bg8P5CFYF4AaABAg","@AprilPlans","Its an awesome unit that i want, still using the G56 though",0,0,"2025-11-09T08:15:32Z","youtube","positive","mkbhd"
"UgxwecQoac8XBi_97WZ4AaABAg","@kablemusic","I can't use an external mic with this phone for some reason it don't work",0,0,"2025-10-29T10:46:12Z","youtube","positive","mkbhd"
"UgxkgOl1BIBqX2zp55J4AaABAg","@sepinofrancis","I have it, I like it 😊",0,0,"2025-10-18T22:54:26Z","youtube","positive","mkbhd"
"Ugx1sQDuY1SlWWBiMPx4AaABAg","@exxppo","you have to review the motorola edge 60 pro, really really nice phone",1,0,"2025-10-11T12:16:46Z","youtube","positive","mkbhd"
"Ugy8ESXC3sYpUQlpfzB4AaABAg","@IIIDH75III","I love this phone with a passion and will be investing in it asap!",0,0,"2025-10-10T14:15:50Z","youtube","positive","mkbhd"
"UgyQChvhNlKHTVNc4PJ4AaABAg","@o_lymbias4159","Hey ! Do you plan on doing a motorola razr 2025 review ? I'd really like to know what you think of it !",1,0,"2025-09-16T07:40:45Z","youtube","positive","mkbhd"
"UgzkBr4AdIRWz6gUtvd4AaABAg","@BattleCryOfHeaven","As a 90s kid, I was sold by the retro setting Easter egg on razr phones 😅 which you haven't mentioned.",1,0,"2025-09-12T22:14:36Z","youtube","positive","mkbhd"
"UgwnuBN0nx6qvgemCqN4AaABAg","@kimbo9643","Im apple my whole life and i switch moto plus and i love it",0,0,"2025-09-05T14:53:35Z","youtube","positive","mkbhd"
"UgwvaiFBHQz6sPwGIJl4AaABAg","@angie.salama","NEW MOTO 60 ULTRA REVIEW PLEASE",0,0,"2025-08-18T09:50:40Z","youtube","positive","mkbhd"
"UgwqPuHrwkyauAHt42J4AaABAg","@Gregster86","Aw….lost me at no more retro look 🥲",0,0,"2025-08-16T14:20:01Z","youtube","positive","mkbhd"
"UgwSbn04QzHushEd1c14AaABAg","@mykebrand2674","The Razt pkus is the first phone ive been excuted about in a long time",0,0,"2025-07-24T21:37:56Z","youtube","positive","mkbhd"
"UgwokQ5-1Ebk8wl76fh4AaABAg","@clairjacob3863","This is just perfect for me during my daily commute to work especially on the route that I'm going to work. I can whip up my phone without the fear of being stolen cuz you can access everything on the outside screen and it's the perfect size (when folded) to be subtle during train rides",0,0,"2025-07-17T17:57:02Z","youtube","positive","mkbhd"
"UgweRpywhXSY9EKtlZ94AaABAg","@marquiswilson1460","I just got the 2025 model ❤🎉",0,0,"2025-06-30T14:59:04Z","youtube","positive","mkbhd"
"Ugw2uzE5c0GXZ2Na74t4AaABAg","@hipfrank","panels huh? 4:01",1,0,"2025-06-10T05:18:24Z","youtube","positive","mkbhd"
"UgyLUWwKTtesMk-HXzl4AaABAg","@aaronjameshorne","your review videos are the best.",0,0,"2025-06-07T10:59:08Z","youtube","positive","mkbhd"
"UgxlCvtm6vODAJZpctJ4AaABAg","@JolikaUllah","This is the only other folding phone on the market that is similar to the Galaxy z flip and aside from the camera, it's actually better than the Galaxy z flip",0,0,"2025-06-02T18:56:37Z","youtube","positive","mkbhd"
"UgyOWww2xCwXiIYgIjZ4AaABAg","@takuya_1138","Got the 2025 razr after being an iPhone user since the 4S. Been such a fun switch",3,4,"2025-06-02T17:30:37Z","youtube","positive","mkbhd"
"UgyVZJjowuaMANrj7wN4AaABAg","@RK-ed7cc","Vegan leather?😂🤣😂🤣",0,0,"2025-05-30T12:57:08Z","youtube","positive","mkbhd"
"Ugy3wccM0-8sduRS8UV4AaABAg","@Squeegeeboss1","I've had mine for a few months. Already lags and the camera quality sucks",2,0,"2025-05-22T04:50:22Z","youtube","positive","mkbhd"
"Ugwo00jUIIaDqPTENsV4AaABAg","@InfinitySwitch84","""Vegan Leather""? Seriously? We already had a word for this that wasn't offensive and it was a lot easier to say. It's called ""Pleather"". Short for ""Plastic Leather"". There was never a need to come up with some new absurd way to refer to pleather. You people....",1,1,"2025-05-20T23:47:56Z","youtube","positive","mkbhd"
"UgyINpVDHsO3sPSwXTB4AaABAg","@viperlesniper-uz6nv","I've had this phone since October and still barely any crease and my sister for the flip z 6 and her crease is bad and she's had it since October.",1,0,"2025-05-17T20:03:20Z","youtube","positive","mkbhd"
"Ugxva0Lu0AWU2I0PB2F4AaABAg","@SmokeNScales","I am in LOVE with my Razr+ Mocha Mousse ❤ I needed a break away from full-time iPhone use 😂",1,0,"2025-05-10T01:00:56Z","youtube","positive","mkbhd"
"Ugx0-1DAlZzd8pumFPh4AaABAg","@J.J.A.S","Gran video y excelente audio en español. Gracias",0,0,"2025-05-09T20:12:07Z","youtube","positive","mkbhd"
"UgzBwZCa1OP3IcVC6zx4AaABAg","@stevebeschakis9775","Carry it in your pocket to prevent fertility.  hahaha",1,0,"2025-05-04T04:25:39Z","youtube","positive","mkbhd"
"UgwJzeiCmn400E80-Xx4AaABAg","@MillenniOldOld","This phone is tempting me away from my iPhone. I know the 2025 razr’s are coming soon so I’m guessing that will mean the price of this one will come down, right?",0,0,"2025-04-27T02:34:10Z","youtube","positive","mkbhd"
"Ugz8w9sUgQor4k1yvAl4AaABAg","@billynuqui1791","Why the ""hole punch"" still, whe the main camera can take selfies too, missed opportunity I think🫤",0,0,"2025-04-25T23:19:53Z","youtube","positive","mkbhd"
"Ugy5XXg8P_achsCdbbt4AaABAg","@BalikAlistane","Looks great!",0,0,"2025-04-25T09:51:15Z","youtube","positive","mkbhd"
"Ugx1XgRDtR_AcamGA5x4AaABAg","@a.l6922","I mean womens clothing rarely has big enough pockets..i love how portable this is and all the accessories for it",1,0,"2025-04-22T21:16:40Z","youtube","positive","mkbhd"
"UgzeoGkG7toSEWPjgoh4AaABAg","@Yataro79","This whole ""I want my phone to discourage me from using my phone"" thing isn't for me. Since I don't use any Social Media except from YT I usually get through my day with around 1h of screentime, half of it being for work making calls and checking my calendar. Which is why I like these flip phones: They don't take up much space in my pocket but are there when I need them. 
Today my refurbished Razr 40 Ultra is due to be delivered and I'm mildly excited about it.",0,0,"2025-04-15T04:25:36Z","youtube","positive","mkbhd"
"Ugy_evD606_eodwqOQZ4AaABAg","@MaximVermeersch-nm4de","I think this phone opens up a new customer market, this phone + the clicks keyboard - lets go!

Yet if blackberry would relaunch their legendary blackberry phone with a keyboard, just a good old classic model, I would probably buy that to :)",0,0,"2025-04-13T06:05:36Z","youtube","positive","mkbhd"
"Ugx3TMyXfmx3FnACyI94AaABAg","@NightCityNovelties","I'm literally watching this video on the external screen of my Motorola Razr+ 2024.

I love it.",3,2,"2025-04-09T05:53:02Z","youtube","positive","mkbhd"
"Ugz8sl5ryPb7f4DjPOx4AaABAg","@PhillipsNivenavvv-h6q","I have Moto g 53 the razor is like that but folded in 2 bits",0,0,"2025-04-08T17:04:24Z","youtube","positive","mkbhd"
"UgyVtONL10iby77144J4AaABAg","@sustreeyt","Idk who's watching this right now but I love my moto 2024, if I have to use a bank app in public, I use the outside display so I can cover my info more effectively",0,0,"2025-04-06T22:05:59Z","youtube","positive","mkbhd"
"Ugyc6KC0xv1_P-_4JXJ4AaABAg","@StormConnectionNews","I have this phone and I use the small screen as much as the big screen, I love this phone",0,0,"2025-04-04T17:54:28Z","youtube","positive","mkbhd"
"UgycJUs3e0q13yi7tzp4AaABAg","@TheGift651","I love it. I bought to reduce screentime. And I use my phone passively. It's perfect",1,0,"2025-04-04T12:18:04Z","youtube","positive","mkbhd"
"UgwA2CqM2s1REi7qK-54AaABAg","@BlackWildow91","Hey I was wondering what is the best iphone for a new iphone user my friend said that u should try and iphone out for the first time And I don't mind trying something new out i've only been a straight samsung user",0,0,"2025-03-31T20:25:35Z","youtube","positive","mkbhd"
"Ugy2Ia_JEOMnKf9hbfJ4AaABAg","@phillyJay00","💥💥This guy is a goofball he's talking about there's games on the front even though they're border on gimmicky bro stfu",0,0,"2025-03-31T12:15:13Z","youtube","positive","mkbhd"
"UgwtqjiwRImdhLnNbf14AaABAg","@HadrysL","Do you or does anyone feels the phone very greasy? I dont know with what I can clean it to avoid this feeling",1,0,"2025-03-31T09:08:18Z","youtube","positive","mkbhd"
"UgyG9R2zmzdy9DYu3Yl4AaABAg","@felixriveragomez5690","Outer display is amazing. It's what I use the most. Really don't have to open the phone too often. Thanx Motorola 😉",1,0,"2025-03-31T03:31:24Z","youtube","positive","mkbhd"
"Ugx8FVybjvXZExCg9zt4AaABAg","@childofgod5115","Great review thank you ! It seems like all these phones are getting bigger im using a A23 and its great but i like a phone that fits in pocket nice. I had the iphone se and was going to back to that but i like the google eco system do you think this phone would work? Thanks again.",1,0,"2025-03-31T02:45:15Z","youtube","positive","mkbhd"
"Ugw0urvOsTWbTyPVuu14AaABAg","@web_jar6630","Your point of having a barrier is an interesting one. However on the flip side (pun intended), screens on modern smartphones are getting really big and sometimes difficult to manage with one hand especially when you're travelling. I found the ability to use GMaps, music, calendar and basically any app on the outside screen extremely practical. The small form factor in the folded state doesn't make me constantly live in fear that my phone will fall out of my pocket or will get damaged when in my pocket. Maybe i'm a little biased but I actually like the feeling that I basically have no device in my pocket when I'm travelling while listening to music. But i also like that this device can also be used for reading, which I do think many people do. For example, going through rmails or news. With the normal form factor going over 6 inch screen for almost all devices, this flip style form factor is the only way to preserve practicality imo. For a much bigger screen, I have fond a dedicated tablet or a laptop to be a much better solution.",1,0,"2025-03-29T15:43:56Z","youtube","positive","mkbhd"
"UgwjNgA0KtFsKH9TNpp4AaABAg","@kernelhexTorr","The only reason this phone is “Intriguing” is if it’s paired with the clicks keyboard imo",1,1,"2025-03-28T19:03:41Z","youtube","positive","mkbhd"
"UgwmU5q5Pss8bSRoNOx4AaABAg","@killerwease","I want a smaller phone. Having a tiny screen is so nice",1,0,"2025-03-27T22:32:03Z","youtube","positive","mkbhd"
"Ugwr5vLOsGW7oi5wrDF4AaABAg","@alexispapadopoulos9905","I like the idea of having a bigger out screen for sure. It's functional.. have you seen the Clicks keyboard that goes with Razr+? It is impressive, functions like a blackberry from the good old days. The keyboard won't appear on the screen and gives you more space for texting without flipping the phone open.. great option while commuting, etc..",0,0,"2025-03-27T04:14:04Z","youtube","positive","mkbhd"
"UgxrEeT-qH0QfZY0K814AaABAg","@dominicparotti1866","Bad phone not good .the one on Google web page is different not the same razor 60 I saw it worst trash phone  Motorola disappointed me with this garbage",0,0,"2025-03-23T12:08:21Z","youtube","positive","mkbhd"
"UgzWvOUrC6GK0OdPVvZ4AaABAg","@terrys.carlson2144","I just picked up the Motorola Moto razr plus 2023 for $250 in 2025 that's a 75% off retail discount and this phone practically looks brand new.",0,0,"2025-03-19T23:46:00Z","youtube","positive","mkbhd"
"UgwPANliR7uXlcHNvWp4AaABAg","@LittleOfSkeill","I just got this phone and i thought the external display was cool but ive found i use it a lot more than i thought. Its not what i thought i wanted but i never knew i needed it.",0,0,"2025-03-19T05:18:48Z","youtube","positive","mkbhd"
"Ugwbx0ELGEqtCH4A2Fl4AaABAg","@makeba133","I love love mine . I'm never going back.   😂",0,0,"2025-03-16T06:27:07Z","youtube","positive","mkbhd"
"UgxPLbLQFlCTzmjgTm54AaABAg","@merterdir","Literally considering getting one. Finally a phone with sex appeal and acceptable feature-set all in one. Sent from my iPhone 15 Pro. Such a shame that all these interesting phones are held back by android.",0,0,"2025-03-13T23:51:20Z","youtube","positive","mkbhd"
"UgxxWyamRBWHZd99hOF4AaABAg","@OnlyPureSounds","Remove the big screen inside increase the battery i would love a device with such small display",0,0,"2025-03-13T08:57:53Z","youtube","positive","mkbhd"
"UgxEzWFuMMSuNuFIYT14AaABAg","@RampartDistric213","Motorola is a really reliable brand. Ive owned 3 iPhones and 4 Samsungs. The battery on the Motorola holds charge longer and the durability is crazy. Shaking the phone twice for the flashlight, a wrist twist for the camera are very convenient features. Very robust. Plus!! It's AMERICAN MADE!!!",1,1,"2025-03-11T21:59:02Z","youtube","positive","mkbhd"
"UgzFBOR3n0ZAL3VTOOR4AaABAg","@adelaferreira4575","The main thing about owning this phone is the size ,when folded ,it is so convenient to not carry a big block",8,1,"2025-03-06T03:26:52Z","youtube","positive","mkbhd"
"UgzqrobwuSkA7VJ5dHd4AaABAg","@Kentanyl","We want a phone the size of the moto razer with a physical keyboard",2,0,"2025-03-03T14:32:30Z","youtube","positive","mkbhd"
"Ugz-cTYBKCVgfH7DaNl4AaABAg","@kermittherunner","I wish the camera had the wide angle mode for video 📷. The camera overall needs huge improvements",0,0,"2025-03-02T20:56:53Z","youtube","positive","mkbhd"
"UgyyScbme8eHIQ6s2Dh4AaABAg","@SmartHomeImprovementTv","I cannot wait to get rid of my Razr plus.   After only 6 months, I have had to replace the screen protector 2 times.  The screen protector keeps coming off at the fold, after about 500 folds.   AND, apparently, ALL folding phones have this problem!",0,0,"2025-03-02T10:06:43Z","youtube","positive","mkbhd"
"UgwYkl9_A68NUEDt6AB4AaABAg","@notn0t","What I want is an ultra-small phone the size of hold of this flip phone, with just the outside screen. The tech is clearly there. Just make it!",1,0,"2025-02-27T14:49:15Z","youtube","positive","mkbhd"
"UgxG7lNB3DwYNL1FQaR4AaABAg","@SushilDalvi-r6x","Waiting for Sony 10VI Review buddy. I hope you drop it soon.",0,0,"2025-02-27T04:54:59Z","youtube","positive","mkbhd"
"UgxjcseM-_dSF2RfajB4AaABAg","@521ret.8","I wonder how the hindges are",0,0,"2025-02-25T02:39:58Z","youtube","positive","mkbhd"
"Ugx8rwTjogmcAiKmPtd4AaABAg","@KazeHorse","2:00 this right here is the only reasons flip phones aren’t for me right now. I can’t easily flip it open with one hand like we could back in the day.",3,0,"2025-02-24T18:32:42Z","youtube","positive","mkbhd"
"UgxE0_r3C8PWic-Bl694AaABAg","@Pouncingpuma7","MOTOROLA IS THE MOST INNOVATIVE PHONE COMPANY, HANDS DOWN!!!",0,0,"2025-02-17T05:40:10Z","youtube","positive","mkbhd"
"Ugy8xGAyRNt9xR6gH4l4AaABAg","@kenny3265","Japanese phone reviewers are better and more reliable",0,0,"2025-02-11T16:23:37Z","youtube","positive","mkbhd"
"Ugz8CVRx2fNN76Q9zWF4AaABAg","@Prnencetti","Hi I got this phone thanks to an insurance replacement. My Motorola keep our 2024 edition died on me and wouldn't turn on anymore so insurance company gives me a new one. I was super surprised to find not my phone in the package but this phone in the package that's just amazing. Wasn't expecting this this phone. Yeah there are things that I like about it and then I don't like about it like how it doesn't have a memory card anymore. Yes I know you can get on the go support memory card readers that you can plug into it but it's not the same as having a built-in memory card. Yes I know 256 is a lot of pictures and video so we'll see what this phone if I can handle taking pictures and videos. And I'm very nervous with it the way you fold it I think it's going to break but no it's not it's designed to fold that way I just don't really want to keep folding it that way. I'll get used to it overtime though it's just a matter of do I like it or don't I",0,0,"2025-02-11T02:58:33Z","youtube","positive","mkbhd"
"UgwrOkBwOv6k6y7mXCZ4AaABAg","@Ricky-gr6uc","So Motorola just took the razr 2023+ and just renamed it razr 2024 because now the 2024 razr+ has a even bigger outside screen hopefully the 2025 razr has the big 2024+ outside screen because I'm with cricket so I get discounts with the none + models",0,0,"2025-02-10T00:00:25Z","youtube","positive","mkbhd"
"UgxBsT2uG75wi-5LT954AaABAg","@astrobotnautics5291","No I think you haven't quite judged the market right. This isn't for flip phone enthusiasts. This is for small phone enthisiasts who want to sometimes unfold it.",1,0,"2025-02-07T07:52:46Z","youtube","positive","mkbhd"
"UgxANv24fINcTueqwP94AaABAg","@rishiy6183","Great thing is that motorola delivers a clean android experience without any bloat.",0,0,"2025-02-07T00:00:47Z","youtube","positive","mkbhd"
"Ugw-oXOGxC9QK5QWvjh4AaABAg","@robertwilliams1204","I found out of the box it was a great phone I loved it. 8 months down the road started having some bubbling on the right side of the fold. It worked this way all across the way across. And now it's continuing to get bigger. What have it fixed if you could find anybody to works on Motorola phones.$500 to replace the screen. Love the phone they need to work on the screen. The only thing is is Motorola knows it. When you first get the phone and turn it on they keep reminding you it's a plastic screen Don't do this don't do that. I take good care of my phone I'd have and you never dropped it or anything. It just all of a sudden started bubbling. I'll leave it up to you. Great phone terrible screen",0,0,"2025-02-03T18:45:35Z","youtube","positive","mkbhd"
"Ugyx-jDep1XeYqPeANp4AaABAg","@Elvis_Pond5","People are DUMPING their iPhones for this thing -- 
that should say something !",1,0,"2025-01-27T19:17:58Z","youtube","positive","mkbhd"
"UgyBZ-h9a5hr0byUfch4AaABAg","@xash06","I just got the razr 2024 from boost mobile for 99$ and I love it!! Just get a super good case that protects the hinges, and don't open the phone with one hand and be careful with it, and don't shut it and you'll be good.",2,0,"2025-01-27T04:48:10Z","youtube","positive","mkbhd"
"UgzkanShURFPVA0VAAZ4AaABAg","@av5829","Motorola just made folding phones ACTUALLY useable and not just gimmicky",0,0,"2025-01-25T12:26:31Z","youtube","positive","mkbhd"
"UgxbOdJacBzcd7TEb7V4AaABAg","@mayoonit","I’m sold",1,0,"2025-01-13T18:26:21Z","youtube","positive","mkbhd"
"Ugwfjzp9qyB6SPGTOV14AaABAg","@ludwikd","""master of none"" 😂",0,0,"2025-01-07T16:41:37Z","youtube","positive","mkbhd"
"Ugy7nmHufo96J9qhUiR4AaABAg","@HighlandArmsM1911","I’m considering this as a disgruntled iPhone 13 mini lover",0,0,"2025-01-06T03:21:46Z","youtube","positive","mkbhd"
"UgxTGN8Hqzy7hGDX_e54AaABAg","@Danielthecreator97","Anyway I can have real time ai translation with this phone",0,0,"2025-01-03T23:53:07Z","youtube","positive","mkbhd"
"Ugx3TzCgAaxKLTaXMbt4AaABAg","@ohioplayer-bl9em","My son got me this for Christmas this year. 2024...
I haven't used it yet, waiting for the mag safe case to arrive..
I didn't open the box until I knew I could get a mag safe case.. I need it on my dash for maps and charging.",0,0,"2025-01-02T02:48:29Z","youtube","positive","mkbhd"
"Ugx5rqNCU_uYG8ZKRrZ4AaABAg","@LukeO-1234","Im due for an upgrade in summer of 25. I hope a next gen is available by then",0,0,"2024-12-24T05:18:00Z","youtube","positive","mkbhd"
"UgzMOLydidZxB7odC914AaABAg","@leakyabstraction","And even one year later, Samsung still has way worse small display design. Not to mention their horribly janky software with unfixed bugs.",0,0,"2024-12-11T18:21:56Z","youtube","positive","mkbhd"
"UgzQH8P_9prNBxNxbQh4AaABAg","@moreseun","Just now need more accessories like better cases and screen covers and quad lock!",0,0,"2024-12-04T21:27:24Z","youtube","positive","mkbhd"
"UgzKLEcfKoUi--a-box4AaABAg","@moreseun","I got it, i love it, im never going back. The iPhone and Samsung now just sit in my drawer 🔥",0,0,"2024-12-04T21:26:30Z","youtube","positive","mkbhd"
"UgzWtg4-YCqNFAK9i9J4AaABAg","@romaroslaters7046","Can you review the new razor 2024 and maybe like Skullcandy headphones and earbuds",0,0,"2024-12-04T04:56:35Z","youtube","positive","mkbhd"
"Ugw4w_U_Rv0bl9LkImt4AaABAg","@cantalicio2335","Does anyone know why this phone doesn't work with Android play?",0,0,"2024-12-02T09:02:52Z","youtube","positive","mkbhd"
"Ugy_wkB6LlSv8bnfI5N4AaABAg","@brucesantacory1390","i just got one a couple days ago, like the phone but after a ton of years with Samsungs i'm still deep in the learning cruve, i still can't find a use for the outside screen, and i'm sure that me not the phone",0,0,"2024-11-28T18:04:40Z","youtube","positive","mkbhd"
"UgwtCWF-lpjyXTL9Qix4AaABAg","@magP787","i like the bigger screen but no nore bigger....i think people are starting to go back to small phones again",0,0,"2024-11-28T01:54:25Z","youtube","positive","mkbhd"
"UgzC2FwNEnsP9h74Bgh4AaABAg","@skytrooper506","Great video. Can you make a call without opening the phone?",0,0,"2024-11-27T02:48:53Z","youtube","positive","mkbhd"
"Ugza5tdrLP6GPHf2-9h4AaABAg","@999RVA","The smaller screen reminds me of, and works like a blackberry; the feature that allows you to view or use any application, a huge bonus. 

The open system, not a fan...",0,0,"2024-11-24T23:50:51Z","youtube","positive","mkbhd"
"UgxZqqIezwaKljSQ71J4AaABAg","@MrMan-x1i","Former T-Mobile and verizon employee here Picked one up for my grandma used on eBay $306 great condition it was a no brained s23 fe and this share same chipset and this phone is still holding strong in 2024 November",0,0,"2024-11-24T19:26:47Z","youtube","positive","mkbhd"
"UgytFCKCNJzBSYtRIvN4AaABAg","@92naapa","i work in forest and i have to look borders and i like to do it with phone in one hand while using saw with right hand, if it can run all programs his could be rly nice to have this in unfolded use there",0,0,"2024-11-23T14:18:25Z","youtube","positive","mkbhd"
"UgxxvwHI5oj-FdgvdQV4AaABAg","@matthewhensley5165","The newset rzr that I'm about to get is basically just the rzr plus with plastic back",0,0,"2024-11-21T10:14:00Z","youtube","positive","mkbhd"
"UgxfSh1g8sz8-Qs1DC14AaABAg","@dougraber8291","I just bought one after 5 years with apple. Not too bad, It just requires alot of work to switch from apple to android,  ALSO TAP TO PAY WON'T WORK NO MATTER WHAT I DO OR WHO I CALL",0,0,"2024-11-18T18:33:22Z","youtube","positive","mkbhd"
"UgwpWNdibj_iimBS1Yh4AaABAg","@EverettPalet","6:34 yeah but I think scrolling on that outside screen would suck so much that you wouldn't",0,0,"2024-11-18T12:55:40Z","youtube","positive","mkbhd"
"UgwirlA9oPvTLPH8oYZ4AaABAg","@EverettPalet","This new outside display is, for me, the replacement for a small phone. It's small phone 2.0 - small size, but big when I need it. 
Just picked one up for that purpose",0,0,"2024-11-18T12:52:56Z","youtube","positive","mkbhd"
"UgzMhPv-CAWHT0RREyl4AaABAg","@LelandSmith-g2d","A friend of mine has one she never opens her phone she’s not worried about the hinge messing up",0,0,"2024-11-16T19:50:48Z","youtube","positive","mkbhd"
"Ugy8UOJb0HVxnlvSVI54AaABAg","@monkehgamingofficial","Enter Sandman 🤘🤘🤘🤘",0,0,"2024-11-16T03:31:19Z","youtube","positive","mkbhd"
"UgweDBqjze-MeXCqIVR4AaABAg","@eldenbestmother","My pet peeve is why the outside screen is where the camera lens is...your hand is gonna smudge it up",0,0,"2024-11-15T20:10:12Z","youtube","positive","mkbhd"
"Ugx65uN1MO5SglZ6iS14AaABAg","@AmericaFirst-44","Have the orange 2024 it's sweet",1,0,"2024-11-11T23:27:53Z","youtube","positive","mkbhd"
"UgzgBVw1aL7RV6U9_j14AaABAg","@victors.","Y u dont say the phone is good, fun, good looking, innovative and good price?

Those r qualities of this phone. U don't say it cause u r a too proud iPhone user to admit it.

Please b honest in ur reviews, it's the reason I subscribed.",1,0,"2024-11-09T19:55:11Z","youtube","positive","mkbhd"
"Ugwv6QvO_pVJwN7FP7l4AaABAg","@brandaudavid","How old are you, bruh? In my day, the smaller the cellphone the cooler you were... hence the joke of the tic-tac sized phone in Zoolander",0,0,"2024-11-09T05:16:10Z","youtube","positive","mkbhd"
"Ugy9Hlhw70-sF_VzTNF4AaABAg","@James-Vasa","I really want this phone but im not sure if they gonna release a new version soon",0,0,"2024-11-09T03:06:41Z","youtube","positive","mkbhd"
"Ugz5dOrzEFC9Dj7INJx4AaABAg","@carlwatkins5052","Looks great",0,0,"2024-11-05T07:23:57Z","youtube","positive","mkbhd"
"Ugy89ir09EaOLys3HuN4AaABAg","@domanisarapeggio","Anybody had this for a while? How does it hold up?",0,0,"2024-11-02T18:01:28Z","youtube","positive","mkbhd"
"Ugw1gWB2lBnSnZbAbYV4AaABAg","@21064a01","Do I have to buy an Otterbox case or similar?",0,0,"2024-11-02T07:51:31Z","youtube","positive","mkbhd"
"UgyGMkpeC4RY5FmlWqt4AaABAg","@Kris-wy1lc","Typing this on the external screen rn",1,0,"2024-11-02T07:13:29Z","youtube","positive","mkbhd"
"UgxR_ElTvBL4twU_REt4AaABAg","@unshapingtheearth7916","This is the first phone that id actually be interested in outside of apple",0,0,"2024-10-25T01:28:43Z","youtube","positive","mkbhd"
"UgyRrc3oLgZIN1I40yZ4AaABAg","@neillb20","I have bought a last year model  Razr 2023 which has a smaller outside screen and I love it. I thought I will regret it but I'm not. They should make more phones with a smaller outside screen",2,0,"2024-10-22T18:55:11Z","youtube","positive","mkbhd"
"UgzWF5ptWIbq7tL3YV14AaABAg","@DanielWilczek-nu7ff","I personally like this front-screen idea, I am really hyped to see what kinda animated critters people come up with for it. Just seeing what Moto has included themselves has me incredibly excited for it. I think it's more about personalization than being super useful is what I'm saying.",0,0,"2024-10-22T16:54:17Z","youtube","positive","mkbhd"
"UgxxvX_jzB35oWYYNI14AaABAg","@brookearcher856","Does anyone know how to move samsung notes (including voice memos) to Motorola??",0,0,"2024-10-19T22:05:43Z","youtube","positive","mkbhd"
"UgyQcqzRiCs5X7_8Ai54AaABAg","@hotmandead1","Yeah 999 no 😢",0,0,"2024-10-16T17:13:20Z","youtube","positive","mkbhd"
"UgzK__buOA3__kO5SKd4AaABAg","@simanX839","8s gen 1 ✅",0,0,"2024-10-16T06:51:03Z","youtube","positive","mkbhd"
"UgxEgs90QKxoebS10Rl4AaABAg","@BatManWayneCorp","It's a pocket mirror 😂",0,0,"2024-10-12T10:15:25Z","youtube","positive","mkbhd"
"UgwGqBJc9-eqki9H6B14AaABAg","@ritviksapra1368","I used to think that flipping/folding phones are just a gimmic. But products like these, which are striving to make this tech more and more affordable are the reasons that I have changed my mind. First, I tried these devices at a store and I have to say that they are really useful, specially the folding phones... Those are really amazing. Second, we are kind of hitting the max mark of what can be done on a phone now. And I think slowly the world is turning towars, being able to do more with your phone, but also limiting on the doom scrolling. 
Anyway, overall I feel it's an amazing time to be alive... And I feel these devices are here to stay. Only waiting for these devices to be a bit more affordable than they are right now.",0,0,"2024-10-11T19:47:03Z","youtube","positive","mkbhd"
"UgxhUAAUTcFz3pGMy814AaABAg","@hikarushido23","this is good to use when going outside bevause ots handy",0,0,"2024-10-11T00:12:58Z","youtube","positive","mkbhd"
"UgzvapDcVCUsNxD0XFJ4AaABAg","@tonystarkenterprizes","hello world,
could someone help me please, i have a question about this phone, because of my eyes i must have night on and maxed out when i use phones, laptops etc, so if you turn the night light on on it, is it on on the external screen when you are using it closed? i would be quite grateful for this info so if anyone knows please answer
thank you",0,1,"2024-10-07T07:11:39Z","youtube","positive","mkbhd"
"Ugye7uDwEMcFVUrOCyt4AaABAg","@MatthewCyUK","What's this track at the opening????",0,0,"2024-09-28T10:04:51Z","youtube","positive","mkbhd"
"UgyWlu34PLDBzow4fGl4AaABAg","@akbaromar2209","How many razr are there in 2024?",0,1,"2024-09-24T01:59:19Z","youtube","positive","mkbhd"
"Ugy3BhD5ky4Z8xuocCx4AaABAg","@jayride_23","having a big screen outside could improve the life of the hinges or! use a cheaper hinge",0,0,"2024-09-23T07:39:21Z","youtube","positive","mkbhd"
"UgziSwRAGHrrucIkbpB4AaABAg","@amazinggirl12","I think I’m ready to switch from iPhone to this one ! I’m over the same crap from Apple . Yes I have the 15 pro max and don’t care for it",0,0,"2024-09-21T08:17:00Z","youtube","positive","mkbhd"
"UgyykpEZpcgk-SM-AhB4AaABAg","@DrPositive1","I brought cheaper moto razor 50 bigger battery and  fm radio then 50 ultra and it’s not worth spending the extra money for ultra 50 in humble opinion and my new moto razor 50 is better then my old Samsung flip z 5 with a bigger cover screen",0,0,"2024-09-21T00:58:43Z","youtube","positive","mkbhd"
"UgxMvRvSKzLzv-MGSeN4AaABAg","@DrPositive1","I brought cheaper moto razor 50 bigger battery and  fm radio then 50 ultra and it’s not worth spending the extra money for ultra 50 in humble opinion and my new moto razor 50 is better then my old Samsung flip z 5",0,0,"2024-09-21T00:53:49Z","youtube","positive","mkbhd"
"UgwOiOSMELsTOqjGNPR4AaABAg","@YvonneThelenPoalmzvayao","Johnson Cynthia Wilson Anthony Anderson Mary",0,0,"2024-09-19T12:57:25Z","youtube","positive","mkbhd"
"UgxI1uN-EpiwYw0tBMt4AaABAg","@christianmaya5738","It would be really cool if you could block apps from working on the outside screen. Would help from getting sucked in to doom-scrolling",0,0,"2024-09-12T21:40:30Z","youtube","positive","mkbhd"
"UgxJJDnYG8VbYdVZ9DJ4AaABAg","@krisbellamy2456","I just got the Motorola razor 2024 I love it the access to simple tasks while the phone close is a must for me and fast charging is a plus",3,0,"2024-09-12T00:32:01Z","youtube","positive","mkbhd"
"UgyrUdQDiD7rs2qa91N4AaABAg","@phkhzaw","Is he going to review the new 2024 model too? I'm interested to hear his opinions @mkbhd",0,0,"2024-09-11T17:26:36Z","youtube","positive","mkbhd"
"UgwQeC6-1jX1mAuuXMV4AaABAg","@Letmetellu4842","I bought this phone November 2023. Today is September 2024. I love it! I have three phones. Two iPhones, and this one. I don't like taking videos with it because when I send it to an iPhone, it's distorted. So I still use my camera on my iPhones, but for everything else this phone is wonderful.",0,0,"2024-09-09T00:05:48Z","youtube","positive","mkbhd"
"Ugx9QzQgkR6HTNMj8KR4AaABAg","@drpradipjoshi","In India now it's priced at 50% discount (at 45k Rs that's around 600 USD) I just ordered mine",0,0,"2024-09-08T03:48:34Z","youtube","positive","mkbhd"
"UgwheQIKnL3oV9zIZ8B4AaABAg","@adr2567","Ooh I like this phone, I’m gonna buy one even though it’s a year old now!",0,0,"2024-09-06T15:55:34Z","youtube","positive","mkbhd"
"Ugz8LFOp0vaDUHpjto94AaABAg","@DollieDaze","For Millennials, that smaller outside screen is so nostalgic to the size of phones we were used to. I would absolutely purchase this phone for the flip style as well as a smaller screen and the compactness.",0,0,"2024-09-04T18:51:07Z","youtube","positive","mkbhd"
"UgyXhcIkK7wey8cAb0d4AaABAg","@McNgcobo","I’m obsessed ❤❤❤❤I’m not sure if it will ever come to South Africa",0,0,"2024-09-03T20:12:12Z","youtube","positive","mkbhd"
"Ugw_udEegk2CLpmkh7l4AaABAg","@WayneTheGr8est","How is an 8 gen 1 mid range ?",0,0,"2024-09-02T12:56:33Z","youtube","positive","mkbhd"
"UgwCYbytaBMYx8f_lLF4AaABAg","@tsovka","I want this phone! 🙂",0,0,"2024-08-31T21:56:30Z","youtube","positive","mkbhd"
"UgzwEhL4NQfWpQH1RCZ4AaABAg","@Ace_not_awake","The phone breaks as quickly as the apple 14 did so no, if you didn't buy a case, the mini screen is gonna break. Now it glitches a LOT and I can't even turn it off forever. Don't recommend",0,0,"2024-08-31T14:54:51Z","youtube","positive","mkbhd"
"UgzM5GiW4nC3I8f6y454AaABAg","@kjsubtitles7687","I never really explored or had any other device other than an iPhone. But after seeing this phone. I had to switch over!!",0,0,"2024-08-27T20:08:22Z","youtube","positive","mkbhd"
"UgyXESTmr20kSdwPjNt4AaABAg","@pinklegocupcake","its 12g ram, n 256g w 165hz inside and out",0,0,"2024-08-27T00:54:58Z","youtube","positive","mkbhd"
"UgyR4tNFP9CG6UvGPUR4AaABAg","@6clawmaari","Please review Razer 50 ultra",0,0,"2024-08-24T19:48:12Z","youtube","positive","mkbhd"
"Ugyywp4VSleQyh0CrUN4AaABAg","@sotechy92","Just purchased this phone from eBay for $120, yes $120! Lol everything is solid except the seller says ""front inside camera"" has a ""flicker"". I'm cool with that trade off lol Such a great phone and a solid upgrade from my still reliable, Z flip 3 5g.",0,0,"2024-08-23T05:02:06Z","youtube","positive","mkbhd"
"UgxMznpjwnpqE83E9PN4AaABAg","@jakey20022","Did i miss the Razr 2024 review ?!",0,0,"2024-08-22T07:28:24Z","youtube","positive","mkbhd"
"Ugxn1IkWgztQeRgCLUh4AaABAg","@brotatoalan2189","Will you review the new model please and compare it with the new Z flip🎉🎉🎉",1,0,"2024-08-21T06:06:12Z","youtube","positive","mkbhd"
"UgzT5IMXwLmEGKeErgh4AaABAg","@suemarie6676","So tough question is this razor + better than Samsung Galaxy z -5 anyone? I'm trying to make a decision ty",0,0,"2024-08-20T07:23:28Z","youtube","positive","mkbhd"
"UgxQWzwxDskPafXu0oN4AaABAg","@spacesh3p","They should bring back the Flipout.. it’d be about the same size as one of these folded, but could bring back the PKB.",0,0,"2024-08-16T20:06:13Z","youtube","positive","mkbhd"
"Ugyzsl9gxq3PGYEN6KR4AaABAg","@theflyingflux","bought it today at 58% discount, and im loving it",0,0,"2024-08-16T13:11:45Z","youtube","positive","mkbhd"
"UgwpypFpiNhpDkY85914AaABAg","@JLM2","I like the portability of the Motorola. With extended outside functionality all they have to do now is fit a 4500 mhz battery in there and everyone will get it!  good luck reducing the battery!  Until then I would still support the pocketability of the phone and just carry a wireless charger...that small size beats carrying a brick around any day.",0,0,"2024-08-15T10:17:52Z","youtube","positive","mkbhd"
"Ugyp6Tf1linzitBUT0x4AaABAg","@sunsinger970","Keep going, a full four inch outside display is necessary, make it wider.",0,0,"2024-08-13T23:19:18Z","youtube","positive","mkbhd"
"UgyPmBIJOonYwgLDti54AaABAg","@miphean","I hope one day they can refine the screen hardness farther. most folding screens can be permanently damaged by a fingernail.",1,0,"2024-08-12T17:41:09Z","youtube","positive","mkbhd"
"UgyapqQvBUYYj8RyeEx4AaABAg","@josejose2100","Yes please! Nowadays the majority of my tasks are handled on my watch and my iPad is used for the bigger stuff. So easy to carry in my pocket and best of all, I miss the days of not needing both hands to just reply to a message or check an email",0,0,"2024-08-11T20:10:50Z","youtube","positive","mkbhd"
"UgwYjZLMDQYakTj12cV4AaABAg","@mattdamon6381","No I wanted fortnite and marques brownlee.  Oh wait, thats will smith 😂",0,0,"2024-08-10T01:43:03Z","youtube","positive","mkbhd"
"UgzdBL60M-tm7G1GcAp4AaABAg","@McZo1dberg","I just picked up my RAZR 2024 (non plus variant) and compared to the stupid free phones I've been rocking since the dawn of smart phones... This thing is legit! And yes the flip action was super important to me. The traditional smart phone form factor was not working for me, too freaking big to fit in any of my pockets. I estimate 3 broken screens because of this. I totally don't need flagship specs, this was totally made for me!",0,0,"2024-08-08T22:12:44Z","youtube","positive","mkbhd"
"UgxkyLL_-nN51GpjaLZ4AaABAg","@landmeter","I wonder why Motorola din't think about making the outside screen on the other half of the outside? It would have been perfect for me",0,0,"2024-08-07T08:18:22Z","youtube","positive","mkbhd"
"Ugz_tRq27HY4hEvywuF4AaABAg","@momfromnj911","Started with the regular flip with small  screen then upgraded to this one 
Love it. Love the portability of it and the cool features",0,0,"2024-08-03T22:06:30Z","youtube","positive","mkbhd"
"UgybowSsfgvKtPekosx4AaABAg","@utis.design","The best thing about the basic Razr is the fact that you don't mind dropping it folded, I think the screen will be ok.",0,0,"2024-08-03T18:48:36Z","youtube","positive","mkbhd"
"UgwTTzeyAXEWaTx7tz54AaABAg","@lasses0n","I just baught a RAZR + and for me the ""large"" outside screen means less wear and tear on the hinge.",0,0,"2024-08-02T14:33:54Z","youtube","positive","mkbhd"
"UgxZT8nnlfR0ATS78FJ4AaABAg","@cjchaworth","The original iPhone’s display was smaller than this cover display…",0,0,"2024-08-02T11:20:08Z","youtube","positive","mkbhd"
"Ugz1pFDChYas_rLdQBV4AaABAg","@JUMATICOSOUND","Can you run Google maps off of the front screen? I still can’t decide between a Samsung or now that this baby has come out",0,0,"2024-07-30T20:05:46Z","youtube","positive","mkbhd"
"UgztQR-2GqMQlSMDdnJ4AaABAg","@VibePlotterFXD","I’m really looking forward to seeing a Motoming reboot if it ever comes out..",0,0,"2024-07-29T18:05:10Z","youtube","positive","mkbhd"
"Ugx1toHFWu20jzUckfV4AaABAg","@Dutchyamerican","Love your shirt! From a Dutchy 😉",0,0,"2024-07-28T02:52:34Z","youtube","positive","mkbhd"
"Ugzkf3eLH3VKNMf6QS14AaABAg","@hectorc3353","All the bigger brands talk about moto but they all followed 😂, so i guess thats how it is. Now they all want to put bigger displays in the front.",0,0,"2024-07-24T23:50:12Z","youtube","positive","mkbhd"
"UgyNpOQVUl9Wyv0COyd4AaABAg","@mbiz1072","Bro where's my man's review of the new RZR??? Been waiting almost a week now.  😊",4,0,"2024-07-23T21:12:07Z","youtube","positive","mkbhd"
"UgzFE7nhKf2Lui8GRFl4AaABAg","@tonyr1535","In the end of the day no matter how good, its not apple😂🤷🏻‍♂️",0,0,"2024-07-23T08:53:21Z","youtube","positive","mkbhd"
"Ugx3fnP4UsbAIPsjZ_J4AaABAg","@sreekarpradyumna","Hey, Marques. I miss your sick intros with some bangin' music. Could you please do one for the next video?",0,0,"2024-07-19T18:34:25Z","youtube","positive","mkbhd"
"UgwriCbJ5xz_f3Y1q1x4AaABAg","@giannachacon1846","I love this bc of the smaller size option! I’m a nurse and it can be a struggle to keep my iphone in my scrub pockets when I’m walking and running around. Or whenever I take my dog on walks I struggle to fit my phone, keys, headphone case, and sunglasses case in my smaller in my fanny pack. I think, this phone is great for anyone with a more active lifestyle that wants to listen to their Spotify playlist/podcast w/o carrying a larger phone. Also there is little nostalgia in the seeing the smaller size and screen it reminds me of the MP3 and iPod days but w/ much better tech.",6,1,"2024-07-17T18:22:37Z","youtube","positive","mkbhd"
"UgykuYv71S-M2lzd6RR4AaABAg","@ShuffleSwitcher","Just give me a phone with the outside display and no large folded display inside….",0,0,"2024-07-15T18:46:45Z","youtube","positive","mkbhd"
"UgwKbvKdPzLnFePLdTN4AaABAg","@shanuprateek777","Apple>Samsung>Google>Moto>Nothing.",0,0,"2024-07-14T11:43:56Z","youtube","positive","mkbhd"
"UgyK785s5JW_-AxFVz94AaABAg","@lavenderphi","the point of flip is that you have a tiny phone for people who dont like big phones but you can still have a normal sized phone in case you need it, at least thats how i feel like",0,0,"2024-07-11T12:46:50Z","youtube","positive","mkbhd"
"UgyN_Il9riivKW59I8l4AaABAg","@paolocifuentes3114","Playing GBA Emulator on that mini screen...niceeee",0,0,"2024-07-10T22:47:09Z","youtube","positive","mkbhd"
"UgyrMItzGWQ6fM5HfKd4AaABAg","@mohammadhassanustad3785","i admire you a lot but one thing i noticed disturbs me on Motorola flip review you be like  is this what you wanted ? and on Samsung you be like  i was wrong indirectly been biased.",0,0,"2024-07-10T14:58:44Z","youtube","positive","mkbhd"
"UgypXsuVvvAMdtnGDB14AaABAg","@GuillermoBetancourt9","I just ordered one yesterday. By just watching this video and less scared of what about to get into because OMG I love what you just showed what this phone can do.  I bought it because I’m tired of the shape of my iPhone. I wanted something more compact and easy to carry.  I’ll see how this changes will work for me.",2,6,"2024-07-04T18:52:25Z","youtube","positive","mkbhd"
"UgxdYhzITHp8lSE3CDl4AaABAg","@blessingmakgate5571","I dig it",0,0,"2024-07-04T14:05:11Z","youtube","positive","mkbhd"
"UgznT_dN3w3gglBMTQJ4AaABAg","@SuperSaiyanAeon","I like the regular Razr 2023 with the smaller external display. The massive outside screen defeats the purpose in my opinion.",0,0,"2024-07-03T10:11:53Z","youtube","positive","mkbhd"
"Ugyv6HHJRfOhEbrj0TJ4AaABAg","@mayurabt1729","I think until someone conceals the cameras in the display without compromising clarity, nothing is going to be a next gen in flip phones.",0,0,"2024-07-03T05:19:35Z","youtube","positive","mkbhd"
"UgyNsURXvtsCVGoeJYJ4AaABAg","@dustyroads834","Having a screen on the outside kind of defeats the purpose for having a flip phone.   When you have to stop and think about whether or not your keys are in same pocket that your about stuff your 1000 dollar phone into kinda sucks.",0,0,"2024-06-29T08:04:55Z","youtube","positive","mkbhd"
"UgzchLlgJkVGYxK34vR4AaABAg","@maximiliankolbe_NIN","I’ve been stuck w/Iphones ever since daughters were old enough for a cell phone (IYKYK) but they’re getting older now and ole dad just might be able to break away!  If I do the razr+ will def be high on my list.  Especially since T-Mobile has it for “only” $499 right now.  Looks like a bad ass little phone.  Great size for pocket when folded then great size when open and in use.  Love the outside screen accessibility the most.  Either way, good to see Motorola return to relevancy!",0,0,"2024-06-28T11:59:46Z","youtube","positive","mkbhd"
"UgyKfpOMYVMe29gPv9x4AaABAg","@grahamdwells","that's what i want and i don't use ticktock so i don't have to do that",0,0,"2024-06-26T09:34:26Z","youtube","positive","mkbhd"
"UgzksX53DXv9-k4A7VN4AaABAg","@kcguy8864","The entry level razr 40 or (razr 2023) has a 4200mah",0,0,"2024-06-24T05:39:30Z","youtube","positive","mkbhd"
"Ugwgm14szkMxZDhlZQl4AaABAg","@NCLme","10yrs younger who wants to have kids still 🤔 it depends on the person",0,0,"2024-06-23T01:06:55Z","youtube","positive","mkbhd"
"UgxR5XO8X12vPYv0SK14AaABAg","@edselhegmon133","I love this phone",0,0,"2024-06-22T07:25:29Z","youtube","positive","mkbhd"
"Ugw4LUeFEnbzlZzkKGF4AaABAg","@MohdaliasimSid","Green line coming soon😂😂",0,0,"2024-06-20T05:32:54Z","youtube","positive","mkbhd"
"UgxbuE1lKtHuUTxJ0M54AaABAg","@waseemhacks707","Is it good to buy ?",0,0,"2024-06-16T02:44:35Z","youtube","positive","mkbhd"
"Ugw6FfGkG93NS7mgdiR4AaABAg","@braillynn","Heck yeah, Enter Sandman 🤘",0,0,"2024-06-15T19:55:10Z","youtube","positive","mkbhd"
"Ugz-px1l3I2y4aEA5nd4AaABAg","@alicekoh7322","does it spring open when you press a button? been looking for that in flip phones. one handed operation instead of having to pry it open.",0,0,"2024-06-13T18:56:51Z","youtube","positive","mkbhd"
"UgzY32LA6vrh1rDH-yd4AaABAg","@amourlashai","Having a smaller phone nowadays is few and far in between to come across. My favorite thing about this phone is the versatility of having a smaller phone. I'm so over the big phone/device era. Bring back smaller phones! lol",1,0,"2024-06-13T05:56:04Z","youtube","positive","mkbhd"
"Ugxvjzf6UXfg50kT9O14AaABAg","@ReiGon-vi2np","3800 mah battery and 30 w charging..? What is this 2011?.. Nah a pass for me",0,0,"2024-06-11T02:34:56Z","youtube","positive","mkbhd"
"Ugwnm_EK8iq8g8FKssd4AaABAg","@aLi-amUt","the phone's second name is razr 40 ultra",0,0,"2024-06-08T08:04:39Z","youtube","positive","mkbhd"
"UgzmMBMwZBazIMJhgFp4AaABAg","@andrewd.harris656","I just got a razr+ for my mom because her phone was obsolete.  It's pretty impressive.",0,0,"2024-06-08T02:40:53Z","youtube","positive","mkbhd"
"UgwALZVQBRByZpQuPbN4AaABAg","@xtreamdreamboy","Bro please subtitle",1,0,"2024-06-05T10:53:51Z","youtube","positive","mkbhd"
"UgySEerTzwc8aac2eIx4AaABAg","@MikeKand-h1g","Marquez Brownlee after all the years I’ve been watching your videos on YouTube here you always had it. You always have a unique perspective on what I’ve always enjoyed. Tell us to pull back for a minute and kind of look at the big picture I did it. it’s cool I like your perspective better than anybody.",0,0,"2024-06-05T03:20:36Z","youtube","positive","mkbhd"
"UgzdKmx2S4hdklSWUzV4AaABAg","@ArmyStrongGangflu","I heard you like screens on your phone....",0,0,"2024-06-03T13:40:37Z","youtube","positive","mkbhd"
"Ugw5oa_ABXvhdaB4u1J4AaABAg","@rohitpatel-gm9fz","You just coined ""hot dog style"" folding phone.",0,0,"2024-05-29T14:00:18Z","youtube","positive","mkbhd"
"Ugzwj15LoLsYLQGuiu14AaABAg","@Wismic","i just want a small square phone that can do everything a rectangle phone can do. I want to buy this just to use the outside screen!",1,0,"2024-05-23T22:46:54Z","youtube","positive","mkbhd"
"Ugy5GZArG8nCHA-orXZ4AaABAg","@raycharles704","I got the basic version 2023 razr not the plus and I hate it the bezels are out dated 😂 watching videos with this if you have ocd omg it’s 😢a bad experience",0,0,"2024-05-20T02:03:06Z","youtube","positive","mkbhd"
"UgxC7MQMChBi2IdGrz94AaABAg","@mimirsvision9929","Left iPhone 13 for this razr… Best choice ever, so much fun. I’m not going back",1,0,"2024-05-20T00:53:32Z","youtube","positive","mkbhd"
"UgyGGG_Oqz4_kBslwXJ4AaABAg","@igotthepowerbambambambam","I got flip 5 this is outdated",0,0,"2024-05-19T01:22:17Z","youtube","positive","mkbhd"
"Ugxa7zzlLKiKBzCpTFh4AaABAg","@jec1986","I have the regular 2025 Razr and absolutely love it. I haven't decided if it's worth upgrading this year or not though. I'm kinda thinking I'm going to hang on to my current phone another year and hopefully I'll see a bigger jump when I do upgrade.",0,0,"2026-05-24T15:47:49Z","youtube","positive","dave2d"
"UgwIJ3WLnel90ICLzQN4AaABAg","@garden0fstone736","My job just gave me a razr for work the flip is pretty satisfying. Cool to see this tech already advancing to work beater phones lol",0,0,"2026-05-17T04:52:19Z","youtube","positive","dave2d"
"UgyC_Lyukx3x8ux0xt54AaABAg","@spdcrzy","Just got two...LOL.",0,0,"2026-05-11T23:10:41Z","youtube","positive","dave2d"
"UgzX3ppzBmTMmG5ODVR4AaABAg","@ibkl2u","Did I miss the part where he recommended it or didn't recommend it?",0,0,"2026-05-10T22:04:01Z","youtube","positive","dave2d"
"UgzWGXgQ-8CHYn1wM8B4AaABAg","@hassiri","It doesn’t matter how good Motorola makes the phone, I am pretty sure the software team will find a way to make the worst out if it by pushing the most aggressive and annoying notifications in the history of notifications.
Notifications should be called DEMANDS on motorola phones",0,0,"2026-05-05T23:03:06Z","youtube","positive","dave2d"
"Ugw9QKmWeJKCQgjqu2t4AaABAg","@fastdiecast1095","the razr was the only phone i had like 4 or 5 different times",0,0,"2026-04-25T03:24:34Z","youtube","positive","dave2d"
"UgxEATCvL1qFCkfVwiN4AaABAg","@Karla_wthaK","So what I’ve learned is that the Ultra would be awesome for me since I’m left-handed 😂",0,0,"2026-04-20T16:40:53Z","youtube","positive","dave2d"
"UgzYsGfbPvV4Edicr_54AaABAg","@bcm-n7244","These flip phones are beautiful but a gimmick.",0,0,"2026-04-11T10:15:11Z","youtube","positive","dave2d"
"Ugxr7exTU3sfa0igKMZ4AaABAg","@propm","Well, I just picked up a motorola edge 60 pro, after owning a Huawei P30 pro for 7 years it was a struggle to find a new phone. And allthough I much rather have Pura 70 or 80, its not possible to use banking apps and national payment apps on HarmonyOS (yet that is) But for now I guess the Motorola is enough, it sufficent, and I like the design I just wish they had a diffrent color then gray, according to the store it's an outgoing model and I bought the last one(it was a demo model so I got it for 3500 NOK or in USD about 350 ish). I was surprised when I found out Lenovo had bought Motorola's phone part of the business in 2014.",0,0,"2026-04-09T18:02:32Z","youtube","positive","dave2d"
"UgwdH9PtAzvjSW13JOp4AaABAg","@genxmark","This is what happens when companies like Apple become too comfortable & complacent.. bravo Moto",0,0,"2026-04-07T01:49:55Z","youtube","positive","dave2d"
"UgwBdsNzfdYj2jiF75R4AaABAg","@hlovewood5636","I enjoyed the presentation",0,0,"2026-03-31T13:55:45Z","youtube","positive","dave2d"
"UgxAEprqbYjlUAPk3-h4AaABAg","@Scy-22-00-dogwhisperer","You look just like Jeremiah Watkins from kill tony",0,0,"2026-03-21T03:49:43Z","youtube","positive","dave2d"
"Ugw-LmWuuLI-xtR967J4AaABAg","@pinnytheziphead","It was a toss-up between this or the pixel 10 for me, ultimately went with the pixel 10 for the better camera. It has a telephoto lens... But every time I see this I'm like damn. That thing is sleek.  It's small enough to actually make sense with a hip holster again, which keeps it away from collecting dust in your pocket.  Having a full size smartphone strapped to your hip just looks ridiculous",0,0,"2026-03-20T18:32:28Z","youtube","positive","dave2d"
"Ugxk8RuScwtAdax1HGV4AaABAg","@Itsover-r9k","The phone is dog shit.",1,0,"2026-03-17T20:15:06Z","youtube","positive","dave2d"
"UgyVf80DGMRsJBX4vqB4AaABAg","@SteadyDippN","800 bucks and free moto buds + on Motorola website right now. Hell of a deal.",2,0,"2026-03-17T17:43:05Z","youtube","positive","dave2d"
"UgytcIQzCGyKWZ0DL-t4AaABAg","@sarge1077","Wonder if you can flip it upside down have camer up and not down will it still work",1,0,"2026-03-12T19:26:42Z","youtube","positive","dave2d"
"UgzS5WfJyshD1EAKrJl4AaABAg","@jjaym4056","the iphone 13 which is the one I have, also has the speakers at the bottom. You adjust. =)",0,0,"2026-03-01T04:53:41Z","youtube","positive","dave2d"
"UgzKwSHrdhDy9gClXIF4AaABAg","@banginzaza","4:30 I hate the apple mess too",1,0,"2026-03-01T03:46:56Z","youtube","positive","dave2d"
"Ugz6ma_iknKTvMMY0BN4AaABAg","@terrancedanley8777","If and ONLY IF Motorola brings back a RUGGED NEXTEL design to these Razors industrial looking hard rugged old school NEXTEL phone infused into the design and implement a NEXTEL APP Motorola isn't going to become relevant much longer! Do something drastic and fast! Bring back the old school meets new technology while Apple is Limping with it's Stuper of the iPhone 17... I have a Pixel 10 Pro but I'd go with a Motorola NEXTEL design Razor!!!! Like Blue Steel Kevlar material Even Durable Rubber something that can mold over the Razor and be called NEXTEL....!!!",1,0,"2026-03-01T02:31:54Z","youtube","positive","dave2d"
"UgzySMMOVDYCJg8vdLh4AaABAg","@KevinSnowSecondLife","I dont know about everyone else , 7 update ? WHY ? if you but a 2025 phone 7 update 2033 ? WHO really keep a phone for 7 years ? That's like you got a Samsung S10 from 2018 and just got the final update in 2025 . REALLY ? That's a gimmie . @ ShortCircuit , I would like to know if anyone really kept the phone for the whole 7 update ?",0,0,"2026-02-26T06:38:50Z","youtube","positive","dave2d"
"UgytE_x4-81XpuFp8GV4AaABAg","@drkysauce","I've been using this phone for half a year now. I couldn't be happier with it. It's snappy, charges fast, the screens on both sides have no scuffs even though I'm a welder and work with very iffy environments. My old Motorola Razr 40 broke and I replaced it with the 60 Ultra (2025 ultra) so I have a bit of experience with the older generation as well. It's definitely a huge upgrade. I tried my friend's Samsung foldable phone and it didn't feel nearly as good. Oh and I still have no creases on the screen. If you're on the fence whether or not to buy this, I highly recommend it.",8,3,"2026-02-22T07:11:01Z","youtube","positive","dave2d"
"UgwOgBS1214TT05FrdB4AaABAg","@ti994apc","I would rather have a physical bezel between the 2 screens.  I don't want to screen crease later on.",1,0,"2026-02-21T20:46:47Z","youtube","positive","dave2d"
"UgyiLcuXO5ZH3oqPzJF4AaABAg","@EdwardCheek","My OCD would not allow that crease. I do like the back screen.",1,0,"2026-02-18T21:47:29Z","youtube","positive","dave2d"
"Ugy0LTvxBgvi74hEpm14AaABAg","@KushBeaverPersonal","Bro was so disrespectful to these phones, why even do the video if you gonna be a hater",0,0,"2026-02-16T21:39:10Z","youtube","positive","dave2d"
"UgwuTfXFN8Iick11ZfF4AaABAg","@DudeNamedRandy","2024 version is superior unfortunately but hopefully next version works out the kinks. Looking forward to the Motorola Razr Fold",0,1,"2026-02-16T19:28:03Z","youtube","positive","dave2d"
"Ugz4bB4jQW1t0MK5sG14AaABAg","@markboucher5776","I swore that I would never purchase another Motorola device after the experience I had with Motorola and my Moto Z.",0,0,"2026-02-15T17:56:30Z","youtube","positive","dave2d"
"UgzIT5P5LHZd6_Ocx354AaABAg","@dynamicsmoke","Came for the phone review and stayed for the jokes 🤣",0,0,"2026-02-08T16:39:59Z","youtube","positive","dave2d"
"Ugyr4nwV7PxRQd3fKMJ4AaABAg","@leaderofapes","the main screen went bad in 4 months. half the screen is not touch sensitive anymore.  apparently it happens all the time to this small phone",0,0,"2026-02-05T08:51:42Z","youtube","positive","dave2d"
"UgzPAVRcdF0DantA2kJ4AaABAg","@kingwoods222","I currently use my Razr to play top Xbox and steam games through shadow pc! Been wonderful!",1,0,"2026-01-21T17:48:25Z","youtube","positive","dave2d"
"UgxXgdGXNGN2rpXVn9V4AaABAg","@BlueRaspberry99s","Welp been debating this for a bit. Got used to the Motorola environment over the past year after having a budget 100 dollar Motorola but it's time to upgrade. Definitely not getting the ultra and was weary of the hinge after seeing first gen hinged phones and how terrible they were for durability but shit they look great now",2,1,"2026-01-21T14:03:11Z","youtube","positive","dave2d"
"UgzsEV9OE7jcggc4YLB4AaABAg","@coolgate7794","I wonder why no one thought of removing the internal camera on flip phones yet.",2,0,"2026-01-19T16:56:15Z","youtube","positive","dave2d"
"UgyGoixxU6vd2-ByE7F4AaABAg","@matthooper5059","Been playing with the 2025 plus model. I've had it 2 days....I haven't slept in 2 days....send help. Lol. Seriously, I love this thing",1,0,"2026-01-17T21:15:47Z","youtube","positive","dave2d"
"Ugx2P1M0CTIYOQZEQTZ4AaABAg","@13900","I have the 2024 one I like it so I might like the 2025 one",0,0,"2026-01-16T04:03:46Z","youtube","positive","dave2d"
"Ugy_pGAQtZVb0TQ1NuF4AaABAg","@muchachogrande2019","I love Linus but dude you're reviewing it like every other phone and making complaints based on things nobody is actually buying this phone for.  Nobody buys the phone to game on. Nobody buys it to use the outside screen to browse the web. Nobody buys it specifically for the camcorder gimmick.

People buy it to have a flagship phone that folds in half and because the razr nostalgia.

Dudes just too disconnected from the channel at this point.",0,0,"2026-01-14T03:19:03Z","youtube","positive","dave2d"
"Ugy87FuV5ZcZqpMMDYB4AaABAg","@STYLEE-T","CREASES? NOPE!",0,1,"2026-01-08T22:47:44Z","youtube","positive","dave2d"
"UgzK7tTAg7OiAt46Xgp4AaABAg","@mrbigcat9","My wife loves your ear rings!",0,0,"2026-01-07T23:38:41Z","youtube","positive","dave2d"
"UgzwQ1jgDTe3VdfF1zp4AaABAg","@okiedokie6977","The old one was better. I paid for the 2025, and 2 months later the center of the screen is green! POS! DO NOT BUY!",0,0,"2026-01-07T17:47:05Z","youtube","positive","dave2d"
"UgziMMesaxqgLfFOyDp4AaABAg","@alekxt","очередной скам про сильных и независимых",0,0,"2026-01-07T13:52:51Z","youtube","positive","dave2d"
"UgypwscZ4bvAKYaqhiV4AaABAg","@LaurenGlenn","Your flipping the phone in this video makes me wish they had Shatner do a commercial where he calls Chekov using this phone and flipping it open like on the show.",1,1,"2026-01-03T21:10:23Z","youtube","positive","dave2d"
"UgyELvp7Ff4KD4XN-MN4AaABAg","@henrypierce8010","I loved my original Razr.   Not sure I want  the re-tread.",0,0,"2026-01-03T07:36:30Z","youtube","positive","dave2d"
"Ugxj9o9o_4o177tVR2Z4AaABAg","@tjbarke6086","USB-C to USB-C as standard cables drives me insane.",0,0,"2026-01-01T16:37:43Z","youtube","positive","dave2d"
"UgxhkDwI2rVEbShyOqx4AaABAg","@jverano1298","i love my razr the best phone i ever had even my daily is my iphone 15 pro max my razr is my work phone",0,0,"2025-12-31T01:26:55Z","youtube","positive","dave2d"
"UgxeyMbNf3A8W9uMorh4AaABAg","@rodneyjust1833","You missed the boat...the 2024 razr plus is a banger, has a tele (2025 doesn't) and it's rated better; PLUS, it's really cheap now ($200 or so used). 

Yes, I can come work for you guys...but I'm expensive, lol 😆",0,0,"2025-12-30T19:32:03Z","youtube","positive","dave2d"
"Ugy6lwnmW3ffU8dOr0V4AaABAg","@Dblake207","The retro razr u can do is neat on this",0,0,"2025-12-27T14:57:52Z","youtube","positive","dave2d"
"Ugx-W9H2ePX7Br80Doh4AaABAg","@leiac98","You're condescending... don't care about secret lab",0,0,"2025-12-27T04:26:05Z","youtube","positive","dave2d"
"Ugzgqw0p2iat6whAllt4AaABAg","@Dblake207","I bought the motorola droid ultra back in 2014 I got the razr 2025 and its the first. Motorola phone I've owned since",0,0,"2025-12-27T03:30:55Z","youtube","positive","dave2d"
"UgwjVf1YGi4AUyxpowN4AaABAg","@Zeb17gamer","Is it just me or is it really weird whenever you're watching a review for a phone that you're watching on that phone",0,0,"2025-12-23T00:52:01Z","youtube","positive","dave2d"
"Ugy6sbuEJ85iF1Ds3p54AaABAg","@NoEsLaMari-1997","i am seriously considering this phone i the future. I am over spending $1k+ on phones",0,0,"2025-12-22T13:29:56Z","youtube","positive","dave2d"
"UgxNQtZR8zmBGllAj8l4AaABAg","@MonaLots","I feel like folding phones like these reminds me of a girl make up like how they try get men to wear purses to but don't call it purses but I still call it a purse.",0,0,"2025-12-21T09:35:57Z","youtube","positive","dave2d"
"Ugzbdv-u2lN0fgamNnx4AaABAg","@VictorValcarcel","This background music is making me feel stupid... Bye!",0,0,"2025-12-19T07:55:48Z","youtube","positive","dave2d"
"UgxQfB34xGYpq124X0x4AaABAg","@brettguyer3736","For what u can get this phone for in Dec. 2025 I'd say it's definitely worth it.",0,0,"2025-12-17T01:43:20Z","youtube","positive","dave2d"
"UgzHuhwjDeqq0HMBg-R4AaABAg","@jason69tx","ShortCircuit between the two which one do you the suggest I have the Motorola razr 2024 but it's time to get another one and I love the razor so between the two which one is better",0,1,"2025-12-10T11:11:08Z","youtube","positive","dave2d"
"UgyfAd4B70Y231NSzox4AaABAg","@woodstock2918","I bet they based their claimed 4500 nits on that flash of  brightness when rotating the display",0,0,"2025-12-08T14:14:32Z","youtube","positive","dave2d"
"UgzIDt-3tFuOgBo6URB4AaABAg","@RicShaymin3398","Your voice at 1:06 🤣",0,0,"2025-12-06T12:33:38Z","youtube","positive","dave2d"
"UgyxtgqCaX8Aww8oqiF4AaABAg","@DeadofWinter321","The fact that some people are still buying the Samsung Flip 7 over this is wild af 😂😭",0,0,"2025-12-03T03:08:13Z","youtube","positive","dave2d"
"UgyDap2uGdE2m3eT-Wh4AaABAg","@koolkat8639","So what exactly does that mean to the buyer when you say, “there’s only 3 years of provided software updates” ?. Is that a bad thing that should keep buyers away?",0,0,"2025-12-02T17:24:45Z","youtube","positive","dave2d"
"UgyfYf7TfuYqevFra5B4AaABAg","@kylestimson2551","Second comment about the phones if you have enough storage on your phone there is a way for AI to use the storage that you have left to use it as RAM Anna supports up to like 24 gbs of RAM",0,0,"2025-12-02T17:00:56Z","youtube","positive","dave2d"
"UgxXiSa_EnRyQXYWgtZ4AaABAg","@kylestimson2551","Okay so the camera bump out thing isn't really as big of an issue as he made it seem if you go into the multi-thread to where you close all your apps out it will allow you to go into a default setting which will stop it from going past the camera so you can use that part of the screen and then you can extend it back to full screen",0,0,"2025-12-02T16:58:25Z","youtube","positive","dave2d"
"UgzPfRk8elq1tnAbvsF4AaABAg","@terroristatony","Have they fixed the line that forms down the middle. I want it but both razors I've had have that horrible line",0,0,"2025-11-27T18:25:59Z","youtube","positive","dave2d"
"UgwasZ5iuyJxjGgLejp4AaABAg","@brunosousa1977","The first Motorola cellphone was the Motorola DynaTAC 8000x. A prototype of the device was used to make the first public handheld cellular phone call on April 3, 1973, though the commercial version did not become available until 1984.",0,0,"2025-11-26T00:45:16Z","youtube","positive","dave2d"
"UgzjtoSiFjakPy6Tii54AaABAg","@christianschmitt2409","What ever happened to writing conclusions?",0,0,"2025-11-25T19:08:19Z","youtube","positive","dave2d"
"Ugz8JhdMkdRUmCLlinl4AaABAg","@rickym1883","Motorola makes great phones in the 300 dollar range too",0,0,"2025-11-21T19:10:12Z","youtube","positive","dave2d"
"UgxHaaT23i-YbZa9iWV4AaABAg","@micheli2521","Don't buy a fold/flip phone if you live in the desert.",0,0,"2025-11-17T23:47:07Z","youtube","positive","dave2d"
"UgzwFP0XCuumJ0b4ksx4AaABAg","@jenniferellis7594","Were you seriously not smart enough to flip it around when the cameras were “in your way” ?!",1,0,"2025-11-16T22:33:07Z","youtube","positive","dave2d"
"Ugw0F2HebMXVtKRqafd4AaABAg","@Cheka__","Cool phone. It's giving me a real wood.",0,1,"2025-11-14T13:17:39Z","youtube","positive","dave2d"
"UgzOPx4jSC9AnzvolSR4AaABAg","@andrik78","Maybe if you just focused on the product and stop trying to be funny because you are not this video might be good",1,0,"2025-11-14T05:29:59Z","youtube","positive","dave2d"
"UgzF8YYMS3MWSPeYHq54AaABAg","@oobi1kanobi926","Wish he would talk about iPhones like this apple haven't did anything new in years",0,0,"2025-11-11T03:17:52Z","youtube","positive","dave2d"
"Ugwi3v-IpR_O_aaNhoN4AaABAg","@FluffThekitty90","I had the Droid Turbo ballistic nylon edition. It was a great phone.",0,0,"2025-11-09T15:37:43Z","youtube","positive","dave2d"
"UgzdfoMvG-b0051oMyF4AaABAg","@BI20DI3M4N","Um, both the main camera and ultra wide are 50 megapixel.",1,0,"2025-11-08T23:00:46Z","youtube","positive","dave2d"
"UgybDoeatjU2uU7Xjjh4AaABAg","@friendscallmej9102","Throwback to 2004! These things used to love breaking in my pocket. Cool to see them brought back.",1,0,"2025-11-08T11:11:58Z","youtube","positive","dave2d"
"Ugz_zjDPlEAYx3dQ_I54AaABAg","@TexasJuggernaut","What about a case for it? How does that work?",0,1,"2025-11-08T03:22:08Z","youtube","positive","dave2d"
"UgxYwKx4qGKR3n6id3t4AaABAg","@Moonlight-Dread","I'm watching this video on my razr phone now 😂😂😂",1,0,"2025-11-07T21:10:57Z","youtube","positive","dave2d"
"Ugy1Pq7O5bUYiZC-h014AaABAg","@MRunar007","https://www.youtube.com/watch?v=iUqy5fDTQcI",0,0,"2025-11-06T18:14:45Z","youtube","positive","dave2d"
"Ugzf6h06G-4icHKs8Ct4AaABAg","@TarisRedwing","Ive loved flip phones since my very first Razor v3 flip in the early 2000's",0,0,"2025-11-04T22:39:03Z","youtube","positive","dave2d"
"UgzS0wBcuzUPIPaT4lp4AaABAg","@Wristrocket713","I have the Razr 2024, it looks like I'm not missing out on much with these phones",0,0,"2025-11-02T16:25:16Z","youtube","positive","dave2d"
"Ugw72CN7ACPP1Ute71Z4AaABAg","@iked4421","Not a fan of how long and narrow the display is. Most videos will be cropped super small to the screen so what’s the point in having a 7 inch display?",0,0,"2025-11-01T11:20:33Z","youtube","positive","dave2d"
"UgzmYsOdItIdoUTRx-N4AaABAg","@mcyummy.9356","What a lame.
His videos are rubbish and depressing.
Just jumped on to say that then go look at some decent tech reviewers not weirdo ones.",0,2,"2025-10-31T20:10:50Z","youtube","positive","dave2d"
"UgwHZnAINuKmHdSU0YN4AaABAg","@Tech-Synthetic","wait the ultra has Wi-Fi 7? why did he say it was 6E",0,0,"2025-10-31T04:54:04Z","youtube","positive","dave2d"
"Ugz140xx3WhJZmKfnSp4AaABAg","@BMD8","Don't buy, I've owned one for less than a year and had to rma the main screen twice already, and i'm super careful with my phones usually lasting me over 5 years of daily use. unfortunately really an undercooked product.",1,0,"2025-10-29T10:37:36Z","youtube","positive","dave2d"
"Ugx_2eA2Zsj1qwc9WZB4AaABAg","@nathanlester9985","Watching Linus monkey around with these Razrs while on a Razr 25 🤣

Yes I'm on a budget version however I didn't spend $700, I spent $325 new at Cricket because I'm an existing customer. 😎 

Coming off of a OnePlus 13 I realize that these lower tier devices aren't all that bad. 

The quirkiness and attention to detail is definitely a conversation starter. But given some time to get used to it, I've learned that it's actually is pretty good at displaying apps on the external display, saving me from constantly needing to open, especially with a firm Poetic Spartan case installed.",0,1,"2025-10-24T13:23:58Z","youtube","positive","dave2d"
"Ugxq_6mpV-iJlRn2HSZ4AaABAg","@ediseu.","I think u guys made a mistake cuz the 60 Ultra has two 50MP cameras on the back and not 50 and 12.6. Also normal razr has 50MP and 13MP back cameras. At least according to GSMArena",1,0,"2025-10-22T12:49:17Z","youtube","positive","dave2d"
"UgyGdsCmsxVE9f8Wn354AaABAg","@appl3_n_p3ar","It's so embarrassing that in 2025 you're still using three button navigation instead of gestures as a YouTuber 🤦🏼‍♂️",0,0,"2025-10-22T11:35:42Z","youtube","positive","dave2d"
"UgxQYB1LMb0tz3bVMaF4AaABAg","@Nuri-G91","First I was interested. Then I heard ""3 years updates"" aaand Im out. I don’t even need to keep watching. It could be the greatest phone of 2025, I wouldn’t care.

5 years minimum.",1,1,"2025-10-17T20:20:30Z","youtube","positive","dave2d"
"UgxtHdTgw616J1hEbw94AaABAg","@ocruz29","In my country motorola includes charger+cable with most if not all of their phones. I got mine with that plus a case and motobuds+. 


Also, just a recommendition if someone buys one...dont fling the phone to open it. No need to.",1,0,"2025-10-15T19:06:24Z","youtube","positive","dave2d"
"Ugwaxul8XChstalKhjF4AaABAg","@BamaChad-W4CHD","The bottom speaker being in that position on the ultra.... I got used to cupping my hand to direct the sound towards me years ago. Back when bottom firing speakers were all we had. So not usually a problem for me because I still do it lol",0,0,"2025-10-14T15:30:54Z","youtube","positive","dave2d"
"Ugw9Xkxw86BXqdXuraJ4AaABAg","@bigdave1885","Mine had a free case. Good one at that😊",0,0,"2025-10-14T07:05:02Z","youtube","positive","dave2d"
"UgxnkokiccEEYrFr6Up4AaABAg","@meoutthispiece9015","10:29 Motorola is not scared to try new things, this is why I love them",5,0,"2025-10-13T16:23:32Z","youtube","positive","dave2d"
"Ugxxq-WLhmyAa5DJaIp4AaABAg","@meoutthispiece9015","Motorola just started not putting charging bricks in the box, so why complain when at one point they were the only ones doing that.",0,0,"2025-10-13T16:20:14Z","youtube","positive","dave2d"
"UgyuhyEBrCTHf_Zo3st4AaABAg","@TekRant6781","14:16 I have a z flip 7 and this is actually how I use it for videos 😅",1,1,"2025-10-13T05:05:30Z","youtube","positive","dave2d"
"UgyqN8ZjpkQVRX7FS6J4AaABAg","@TekRant6781","I think Motorola and Samsung need to work together on the cover screen software",0,0,"2025-10-13T05:03:36Z","youtube","positive","dave2d"
"UgxOPOW2thMxWtUuKU94AaABAg","@Blakeyboy2012","Just sold my razr ultra, the cover screens great and you can do most stuff on it, but why? Might aswell just use the normal screen lol got pointless after a week so switched",0,0,"2025-10-12T04:11:44Z","youtube","positive","dave2d"
"UgxiQnPf1aD7y7558GZ4AaABAg","@Gregor-q4w","Imagine aheadphone jack on one of those flip phones. Just having your music controls on the back screen like it's an mp3 playes, MMMMMMMMM WHY CAN'T THEY JUST PUT IT THERE ;-;",0,0,"2025-10-11T13:50:14Z","youtube","positive","dave2d"
"UgwEuhbT32MbXau2XNF4AaABAg","@vinofakind","Non-remapable AI button’s a major turn off lol",0,0,"2025-10-10T15:46:48Z","youtube","positive","dave2d"
"UgyXIPXo6ZwgdsVnUpV4AaABAg","@fiasco_games4131","When you flip the phone open, I can't *not* imagine you flipping open a Tricorder.",0,0,"2025-10-07T19:14:20Z","youtube","positive","dave2d"
"Ugyf2b1KmBl-TXr5IZl4AaABAg","@obainomilano","Motorola Razr was the phone that changed the flip phone game. Theyve always been the kings of flip phones. From startac till date.",0,0,"2025-10-07T05:56:55Z","youtube","positive","dave2d"
"Ugwh3Xl2m9sRDGE7JE94AaABAg","@JBZofficial812","My grandma has a moto droid those were so cool 😂",0,0,"2025-10-05T01:46:15Z","youtube","positive","dave2d"
"UgwwTjd8OzufIw0bjah4AaABAg","@DavidPat","I've been using this phone as my daily driver for the last few months and I love it. I spend hours biking everyday and I needed a small compact device that I can pull out easily.",0,0,"2025-10-04T13:47:15Z","youtube","positive","dave2d"
"UgwHNhKtRhuyCl9uj4l4AaABAg","@LadBooboo","I dislike Bixby but I liked having another button on the side.",0,0,"2025-10-04T10:44:54Z","youtube","positive","dave2d"
"UgxDFFZ597Fd7wgqBnJ4AaABAg","@GoodLuckBP","I do not use fast charging on any lithium batteries. The fast charging heats up the battery and ends its life much sooner. Good luck to you......Thanks for the video.....I am thinking about buying one.",1,0,"2025-10-01T11:22:41Z","youtube","positive","dave2d"
"UgwD5f0F2YQ2UBSDh054AaABAg","@dman7776","I really want to get this phone. But I like to clean phone. Is the screen that hard to clean?",0,0,"2025-09-30T20:28:22Z","youtube","positive","dave2d"
"Ugx1q0C75DVeenwGaBh4AaABAg","@vitayoho990p","I have RAZR 2025 and using it over few weeks. I found some performances have not been optimized. When i took picture & send msg while watching YouTube in PIP, the performance was getting really poor. 
Pls let me know if someone has similiar situation.",2,0,"2025-09-30T16:03:32Z","youtube","positive","dave2d"
"UgzWVUdcnBCzAcs7O5R4AaABAg","@69memnon69","This form factor is pointless.",1,0,"2025-09-29T11:11:15Z","youtube","positive","dave2d"
"Ugx7wioX9irWQIIKCeh4AaABAg","@bzzerc","My son got the Plus model of the motorola razr 2025 phone and it is the perfect middle ground between the two existing models and beats the samsung flip 7 if only by a little bit. can you do an update to this video with the plus model vs the flip 7?",0,0,"2025-09-28T14:25:21Z","youtube","positive","dave2d"
"UgwyR0YqBveDXbClDpV4AaABAg","@JazneoGaming","boost mobile get razr 2025  for $199.99",0,0,"2025-09-27T02:56:23Z","youtube","positive","dave2d"
"UgwIUsdaXwLO63RLgLx4AaABAg","@IanDenchasy","I bought one today.",1,1,"2025-09-24T04:15:20Z","youtube","positive","dave2d"
"UgznfnwduhNvP1Wpx7N4AaABAg","@StopLoss__","They sell budget phones in the prepaid phone section everywhere just about now.

Most range from $40 to $120 but they are all now seeing flagship features like stereo sound and high refresh rates. 50 mp cam and so on. Even the Gemini ai editing is free on them. They feel like pixel phones for under 100 bucks. 

I have 2 moto g play phones. One was 50 bucks the other was 29.99 now that they are phasing out the 4g models. I remember when I could get 200mbps down on 4g before 5g existed. Hell I remember downloading over 100mbps on the iPhone 3gs jailbroken with uncapped speeds 

The biggest thing that stuck out to me was how much faster play store apps install on the moto g play compared to my s22 ultra. 

I had to increase pixel width in development option to get the Samsung to have as much on screen as Motorola was allowing for a 720p device.",0,0,"2025-09-23T20:07:12Z","youtube","positive","dave2d"
"Ugw_SODjps5Q1POu-Hh4AaABAg","@StopLoss__","They listened Linus they listened. When you setup a pin they made it so you don't have to press enter and I'm pretty sure it's because of your mention of such a heinous feature. Thank you so much. I'm enjoying my 2025 g play after cracking my ultras screen and am so amazed with how a $29.99 usd phone stacks up to flag ships now. The gap between the budget phones and the flagship is crazy. 29.99 for 90hz and stereo sound. And expandable storage. Battery lasts and is not pulling my shorts off",0,0,"2025-09-23T19:41:00Z","youtube","positive","dave2d"
"UgzvFe1RdshLail2HPR4AaABAg","@Dubshawk","Officially the longest Linus has taken to do and ad read",0,0,"2025-09-19T04:55:36Z","youtube","positive","dave2d"
"Ugwrcfxl1cktLkC8XmN4AaABAg","@kuannamarie83","Its better than the new Samsung flip Motorola that has Snapdragon compared to the new Samsung new flip I'll change to Motorola razr ultra 60 I love wooden design so very unic cool",2,0,"2025-09-18T07:49:37Z","youtube","positive","dave2d"
"UgwXKsUqcRZpLkSed2l4AaABAg","@pwnGRANTed","1:33 i have found a workaround for the charging kindaaa. i think its the chip they use. an anker a9128 6in1 charger works. also an eco flow river 3 plus, I get 68WATT charging through its 100w usb c port.",0,0,"2025-09-17T20:28:10Z","youtube","positive","dave2d"
"UgzP04t4Bx8fhyghoxJ4AaABAg","@cd6422","I have the Motorola Razr 2025 and love it. I didn't see the point in upgrading to the ultra. The base model does everything I need it to do. I upgraded from the Samsung 23 FE and so far the Razr is better",2,0,"2025-09-15T14:59:44Z","youtube","positive","dave2d"
"UgwKUd4SxDslTZ-wkXR4AaABAg","@Thenobelfan","My second phone is a razr plus 2023 , primary phone being an iPhone , and I would say it’s awesome",1,0,"2025-09-14T17:53:58Z","youtube","positive","dave2d"
"UgyKSO85cVAVx0uCY8F4AaABAg","@darkehorse71","LOL why didnt Motorola put the screen on the back part of the phone that DIDNT have the cameras.",0,0,"2025-09-11T13:31:13Z","youtube","positive","dave2d"
"UgzfaHHsZltBmUEoFXx4AaABAg","@kennethtarlow","This was stupid and silly",0,0,"2025-09-10T18:40:09Z","youtube","positive","dave2d"
"UgwvgJQ5ri9MEhRsXIh4AaABAg","@kennethtarlow","In stead of acting cute for the camera please tell me the difference between the phone",1,0,"2025-09-10T18:35:17Z","youtube","positive","dave2d"
"UgygI63Ra7wjPMI3X8l4AaABAg","@BroChacho808","I forget which setting, but you can get youtube to play without hitting the play button, also, Hulu and Disney automatically continue to play when closed.",0,0,"2025-09-09T01:24:38Z","youtube","positive","dave2d"
"UgxFYTCcBlNvy32PDkh4AaABAg","@leonamcknight-kazmar5649","Hello I didn't hear anything regarding SD card or additional storage for the Razr; can you tell me about this. Thanks.",0,1,"2025-09-07T16:50:47Z","youtube","positive","dave2d"
"UgzSpTrWPvH9aXoleXh4AaABAg","@Sparl486","Actually miss my droid turbo 😂",1,0,"2025-09-07T15:10:32Z","youtube","positive","dave2d"
"Ugw7X4iASonfzxjk_4x4AaABAg","@Darksxar","4:30 THIS. Is why im looking for a new phone.",0,0,"2025-09-07T07:20:49Z","youtube","positive","dave2d"
"Ugwa_7qUr2hs2QFcJiR4AaABAg","@SmokinAce7","It would’ve been so much smarter to put the screen on the back on the bottom instead of the top so that the camera is not in the way maybe they’ll do that with next year’s phone hopefully",0,0,"2025-09-05T01:46:23Z","youtube","positive","dave2d"
"UgwJV0kXtVqcCgZVqDJ4AaABAg","@sanchezs7614","I have OCD and the crease in the folding phones bothers me. I love the phones tho just that crease lol 😂",0,0,"2025-09-02T07:25:36Z","youtube","positive","dave2d"
"Ugzt_RZ5BnWMh2zZH_x4AaABAg","@mohammadyasin9169","Seems this guy is an Apple fan, the way he tal🎉ki😢ng about the phone, I have Moto Razr ultra and z flip 6, I left the flip 6 for Moto. Moto ultra it's superior.",2,0,"2025-08-31T16:32:47Z","youtube","positive","dave2d"
"UgybqxZGyVRycqQX_494AaABAg","@JWUniverse","I prefer Motorola over Samsung since I have been using them since 2008… But the fact theyre making Folding phones and other phones better than Samsung’s Flagship Phones says a lot! The Edge is so much better than the S20 series…",3,0,"2025-08-30T19:36:31Z","youtube","positive","dave2d"
"Ugwkq3rC4ywbV2WXOZN4AaABAg","@GLDSR216","I’ve had the Motorola 2025 for a few days and I’m lovin’ it! Of course, I kept my iPhone 15 Pro. I can’t give that up. I’ve never kept a phone for three years or longer so the three years of upgrades don’t bother me.",0,0,"2025-08-29T18:59:39Z","youtube","positive","dave2d"
"UgzwOQB75sc6SEI6UH94AaABAg","@JB-dw1qo","I normally use a Samsung Fold and just upgraded from the ZF6 to the ZF7 when it came out  But, the clam shell flips finally had me thinking, so 2 weeks ago I purchased a Razr 2024 and have fallen in love with the small form factor when closed and how easy it is to use the external display. I ended up ordering the Razr Ultra in Rio red and it's being delivered today. I plan on just switching back and forth between my Ultra and ZF7.

And the 3 years of software updates is plenty for me since I don't even keep my phones 2 yrs lol",0,0,"2025-08-28T13:20:02Z","youtube","positive","dave2d"
"UgwVQ3ROG_5p0ckQujN4AaABAg","@dizzygunner","Please, for the love of Christ, put the numbers on the side of the screen that match where he has the phones on the table!",0,0,"2025-08-24T21:50:25Z","youtube","positive","dave2d"
"UgyeHr6p0i0f57tpAcR4AaABAg","@pega1245","Rotate the phone and Bingo!, you can than easily press ""Learn more"" on the external display.",1,0,"2025-08-22T18:32:12Z","youtube","positive","dave2d"
"Ugwpays8OoSL-qU70rd4AaABAg","@pega1245","Got me with Motorola updates LOL",0,0,"2025-08-22T18:29:42Z","youtube","positive","dave2d"
"UgxBbztkHWnRt36jTKp4AaABAg","@Chessel043","I had a moto for the last 8 years. I had zero complaints!! The only reason I went z flip over Razr was availability same day. People sleep on Moto but its been solid.",4,0,"2025-08-22T17:36:38Z","youtube","positive","dave2d"
"UgzErA3pu9D8SIVPE894AaABAg","@GoogleAccount-kw1mz","2:14 an ai button ugh - canceling my order immediately - sticking with my iphone 12 :(",0,0,"2025-08-21T11:29:46Z","youtube","positive","dave2d"
"UgxWMXGGw6hdbjxWviZ4AaABAg","@tyler_frank","R u paid by apple!",1,0,"2025-08-18T21:41:09Z","youtube","positive","dave2d"
"UgyoTk9oaJL-u2PRY2N4AaABAg","@bkeaver644","Why do reviewers do this.. the cameras are 50mp 50 mp and 50 mp.. 
another reviewer said it came with A14
another reviewer said it had 65w charging speed.. 
Please research better before you make you videos..",1,0,"2025-08-18T15:44:45Z","youtube","positive","dave2d"
"Ugwp0Gm8W3cDuCoooYx4AaABAg","@baddragonite","Only allowing 3 years of updates on a $1200 phone is kinda ridiculous ngl",0,0,"2025-08-17T16:07:05Z","youtube","positive","dave2d"
"Ugyl-4OrdlibYpPwj3Z4AaABAg","@jackboudreaux5883","You mentioned cpu might be 1/3 to 1/5 performance, where is a good benchmarking site to see this information?",0,0,"2025-08-14T22:40:21Z","youtube","positive","dave2d"
"UgxRltpjvM78a5XrYzt4AaABAg","@johncrowe1917","Only three years of updates is the deal killer for me.  A premium phone at 1300 dollars should be a minimum of 5 years of support?  Once again the phone maybe good but for the money no udates could mean you have a out dated over priced paper weight.",0,0,"2025-08-13T20:02:05Z","youtube","positive","dave2d"
"Ugzp4vpxR9Qxpm8bgsF4AaABAg","@PR-nb4rb","I remember the OG Moto X 😍",1,0,"2025-08-12T05:01:41Z","youtube","positive","dave2d"
"UgymOvBmhVzW0r2gb2B4AaABAg","@shooter3292","Dude what happened to Linus? Ever since he got cancelled a couple years ago, he's been devolving into this tool of a cartoon character.",0,0,"2025-08-11T16:50:33Z","youtube","positive","dave2d"
"UgwMJWv45Mn3NtKJXSF4AaABAg","@TheRealTomSelleck","Flossy said the Motorola was better than the Samsung. Which honestly surprised me",0,0,"2025-08-11T00:07:53Z","youtube","positive","dave2d"
"Ugx8udczof4NToLJF1R4AaABAg","@SavageLifevolgs","Mediatek has always been better for me for connection and stability honestly .",2,0,"2025-08-10T20:54:04Z","youtube","positive","dave2d"
"UgxC3VJh7ifSMxDJIf54AaABAg","@terrycampbell2037","Motorola has awful support in Canada",1,0,"2025-08-10T19:34:33Z","youtube","positive","dave2d"
"Ugx6WxdcsiKZcGUVrF54AaABAg","@TheBarbellCrew","Sadly it comes with usb 2.0 and they do not work with any latest wireless mics. As a content creator I regret buying this phone",0,0,"2025-08-09T17:11:42Z","youtube","positive","dave2d"
"Ugx0ikESsPGlumhh79d4AaABAg","@sunflowerbaptist1611","With the folding option am I able to slam my phone shut to hang up on someone? Without breaking it",0,0,"2025-08-09T02:11:01Z","youtube","positive","dave2d"
"UgxpucJXmQ8WqPnQRq14AaABAg","@chrisy4011","Only folding phone worth getting is the oneplus fold. Independent hinges no need to worry about screen bending.",0,0,"2025-08-09T00:44:35Z","youtube","positive","dave2d"
"UgxGLx_USzb1gpR2Orx4AaABAg","@toth.42","What is ""lock button""? Does he mean the on/off- (or power-) button?",1,1,"2025-08-08T14:00:31Z","youtube","positive","dave2d"
"Ugyf_ozhJGAz8lTRX-R4AaABAg","@Elph420","You can swipe down with two fingers on the navigation bar to open quick settings.",0,0,"2025-08-07T22:20:57Z","youtube","positive","dave2d"
"UgygnhA_AenG6PD0yup4AaABAg","@Ren_Arclight_Ch","Why has noone though of putting the screen not on the top but on the bottom, external screen i mean",0,0,"2025-08-07T01:31:33Z","youtube","positive","dave2d"
"UgzG224maczMrrhY5sZ4AaABAg","@FleccaRobinson","3:25 wash yo hands",0,0,"2025-08-06T01:16:58Z","youtube","positive","dave2d"
"UgzNRrvqGF0vA4KZAvZ4AaABAg","@markorollo.","ive just got an older version , the 50 ultra , as we call it in the UK. tried making a call on it using the loudspeaker as i like to do when i'm at home sometimes but it wouldnt let me, the option was on screen during the call but kind of faded out. Any idea how to fix it?",0,0,"2025-08-05T23:03:59Z","youtube","positive","dave2d"
"UgxOn_S6gAoF8noMdF94AaABAg","@LeeFall","Best phone I have ever owned and a 2 year warranty for piece of mind for screen issues.",0,0,"2025-08-05T03:18:26Z","youtube","positive","dave2d"
"UgySQzt6B-5yaCx9k8B4AaABAg","@craigbikes8831","my bro bought one of these and it broke as soon as he dropped it less than 1 ft distance with the device closed and in a protective case.... completely unusable lmfao",0,0,"2025-08-05T00:44:49Z","youtube","positive","dave2d"
"Ugwl5u6Ss2PDofsaryx4AaABAg","@DeathSong","on the external screen double tap the middle button at the bottom to solve the cam being in the way",0,0,"2025-08-04T01:55:38Z","youtube","positive","dave2d"
"Ugw3v2rDWnwiozLcsm14AaABAg","@ronnierebhan229","Just do the review wo wise cracking comments. Annoying!",0,0,"2025-08-04T00:35:49Z","youtube","positive","dave2d"
"UgzYrFq04-cl758OjDR4AaABAg","@BatCav3Productions","Idk why people think 3 years isn't good you'd probably pay it off by then and then upgrade anyway",12,0,"2025-08-03T05:43:19Z","youtube","positive","dave2d"
"UgzVAiM3mmtFF6RULX54AaABAg","@jessemager3419","Returning mine for a S25 Ultra, constant glitches with ratio, camera glitches, fake leather doesn't keep well long at all, absolute crap water protection.",0,0,"2025-08-03T04:57:13Z","youtube","positive","dave2d"
"Ugx1bra-oOKjc6lRGPh4AaABAg","@midtown3221","The moment he said there's an AI button it became dead to me.",0,0,"2025-08-02T23:12:47Z","youtube","positive","dave2d"
"Ugwzyod6NCAwmlv0Ted4AaABAg","@terrorgen","They probably don't want to round it up to 13 I guess? Maybe there is a taboo around that number, idk? /s",0,0,"2025-07-31T21:55:16Z","youtube","positive","dave2d"
"UgwXRk5CkQJBh7w2yw14AaABAg","@Isaiah-wp3uv","I got my razor about a week ago for little under 400 and I'm completely satisfied with it, especially since I'm not trying to do anything really taxing on it",0,0,"2025-07-30T22:35:25Z","youtube","positive","dave2d"
"UgxUvQX5f4mCq1XVx2p4AaABAg","@robertjchoi5012","Wtf is this? It's not a Razr. They want to compete with Apple and Samsung. No. I thought they were gonna give me a slightly uptech Razr flip phone from the 90s, which I would've bought.",0,0,"2025-07-30T15:35:02Z","youtube","positive","dave2d"
"UgzWsVzjX0fTQEEM3SR4AaABAg","@DavidNicholson101","I don’t understand why a person would want to keep a phone more than three years.  Battery has to be replaced, more supported bands, it just makes no sense.  I had an iPhone 8 and made a call out where the coverage is really weak, and the person on the other end kept breaking up.  I got an iPhone 12, and the signal was stronger.  I just don’t get why people want to hold onto a phone for 4 or 5 years.",0,0,"2025-07-29T15:57:17Z","youtube","positive","dave2d"
"UgyqliaRWkV2cv1wiRB4AaABAg","@uncommonsense9150","Flipping it… “that’s not the point”. Isn’t it literally the entire point of these kinds of phones? 😂",0,0,"2025-07-28T21:09:56Z","youtube","positive","dave2d"
"UgzFG12zcVY8oDXZkNh4AaABAg","@SwigerQ86","The camcorder mode while taking video is the coolest thing any phone has. Such a great idea",0,0,"2025-07-28T07:18:43Z","youtube","positive","dave2d"
"Ugyu3YNzDndCyRo8JXp4AaABAg","@Streetglide2021","Att has the on sale online.",0,0,"2025-07-27T23:28:53Z","youtube","positive","dave2d"
"UgyZnft_eloQEFDvSeF4AaABAg","@supersavytechguy8001","I never get why all these tech guys that go through phones every couple months care about how long the software updates are. Linus isn't keeping any foam for 3 years to even worry about software updates, nor are about 80% of people",0,0,"2025-07-25T19:49:01Z","youtube","positive","dave2d"
"UgyD2OwRmzXjCVVyx-t4AaABAg","@JextorXT","Looks like the fist is for squeezing to start and stop recording?",0,0,"2025-07-25T18:36:27Z","youtube","positive","dave2d"
"Ugy8m95gtJ9Ha2qQHBR4AaABAg","@deathbox-tv9vr","I miss my turbo omg omg I still think I have it it about to be the daily driver lol",0,0,"2025-07-25T00:35:26Z","youtube","positive","dave2d"
"Ugx8zxJ49ijMJtZJttR4AaABAg","@miguelhernandez8577","do they have 3.5 mm headphone jack?",0,0,"2025-07-23T20:54:52Z","youtube","positive","dave2d"
"UgwZBTiXtUDz2Hn8WOF4AaABAg","@Arturito2017","I had almost every Motorola phone including the moto x days. But they fell off but now seems like they are hitting back hard. Nice phone",0,0,"2025-07-22T08:08:20Z","youtube","positive","dave2d"
"UgxuUfeURKeeJ7Kyx2B4AaABAg","@JohnnygØdoubleT-e8k","Only 3 years of software updates is acc crazy lmao I wanted 2 grab but hearing it’s gnna b useless 3 years later is crazyy 😂 even apple not Tht bad",0,0,"2025-07-21T19:57:30Z","youtube","positive","dave2d"
"UgzQ1Svx9VGWGDIL4kR4AaABAg","@uconnjl","can you make it do the start trek communicator noise when you flip it open?",0,0,"2025-07-20T13:34:42Z","youtube","positive","dave2d"
"UgwjPKZdXUQu-jtXoNZ4AaABAg","@Phaota","Have you done a review of the Razr 2024?  My co-worker has one and he loves it.  Uses the phone daily over his current Samsung.",0,0,"2025-07-19T21:55:18Z","youtube","positive","dave2d"
"UgyKwYJjMDHYVneMgBZ4AaABAg","@FlyingEagleGr","The funny part is that the snapdragon 8 elite ""for galaxy"" is worse than the normal snapdragon because it's Samsung. Samsung never lets the chips to go all out for heat and battery protection. If you see at AnTuTu they always score less than the normal snapdragon chips. The only true Elite chip is the one in the red magic phones because it runs full power for gaming purposes",0,0,"2025-07-19T16:35:37Z","youtube","positive","dave2d"
"UgxFLGn4Vo2GINgzRnN4AaABAg","@imperlast2","Does anyone know if it has the shake flashlight like the g play series?",0,0,"2025-07-16T20:55:16Z","youtube","positive","dave2d"
"UgwNgFK1-bhk0Nj-YJV4AaABAg","@BillKinsman","The Moto Z2 Force is the last good phone that Motorola made",0,0,"2025-07-15T07:46:00Z","youtube","positive","dave2d"
"UgyrT5nM4m9vVdp9VkF4AaABAg","@MDaDonLegacy","I love my Moto Razr 50 Ultra",0,0,"2025-07-15T00:01:13Z","youtube","positive","dave2d"
"UgzUpfc7zY79NN3-RQx4AaABAg","@spacedoutkami8144","Recently got mine and couldn't be happier <3 very comfortable to use, big improvement coming from an iphone.",0,0,"2025-07-14T13:59:32Z","youtube","positive","dave2d"
"UgyofPsRJ9JAtqCbSPx4AaABAg","@KimoDCed","Please review the galaxy z flip 7 as well",0,0,"2025-07-14T01:31:56Z","youtube","positive","dave2d"
"UgyUUkajpgYnWNnYLSV4AaABAg","@shayasteinberg4812","Does it support UWB?",0,0,"2025-07-13T19:30:55Z","youtube","positive","dave2d"
"UgzA8tMyZFi3v1lNqeZ4AaABAg","@Cargo_Bay","3:31 GET IT?? 😃",0,0,"2025-07-13T06:36:41Z","youtube","positive","dave2d"
"UgzPSk0ePdBNpHaZB6J4AaABAg","@k1j1j1j","""interesting"" now means ""different specs and prices"" because the mobile industry is wholly devoid of innovation",0,0,"2025-07-11T18:55:50Z","youtube","positive","dave2d"
"Ugyga2AbdaEtjMp793J4AaABAg","@AcidxTrain","5:59 If you hold on the bottom bar on the external display it pulls it up just above the camera allowing you to see and click everything without the camera in the way.",2,0,"2025-07-11T09:24:00Z","youtube","positive","dave2d"
"UgzR1aHUou8cIx3Mh-d4AaABAg","@ArstanWB","Am trading in my Motorola Razr 50 Ultra for the Galaxy Flip7. I really wanted this phone to be good, but Motorolas software just have too many weird quirks, like biometric only working in some apps and randomly deletes app data so i have to log in all over again.",0,0,"2025-07-10T06:43:57Z","youtube","positive","dave2d"
"UgwZjnfRM787OK7DjqB4AaABAg","@liamcollinson5695","I really like the wood one but are still a little bit skeptical of the durability of the foldable screens",0,0,"2025-07-09T17:17:04Z","youtube","positive","dave2d"
"UgyUkdehx2ENZOVyCPl4AaABAg","@kevinlawson1746","One of the most impressive phones I ever owned was the Motorola Z Force 2 . 4k video at 240fps , Shatterproof display, 1440x2560 display , OLED display as well , impressive sound quality, Moto Mods where you could snap on a game controller, speakers, a projector and much more, 8x zoom. At the time it had one the best cellular antenna setups you could get and pretty much every other spec you could think of . I also like the fact it never throttled down when playing games , but boy did it get hot . Honestly Motorola just hasn't made a great phone since, good , but not great . Maybe because it's no longer Motorola after being bought out . Crazy that was in 2017 .",0,0,"2025-07-08T07:20:49Z","youtube","positive","dave2d"
"UgzsoAy5KIIhhOU4OqJ4AaABAg","@onioncontrol","I just got the 2024 moto razr for $200 through my carrier and am very happy with it so far. I love the gimmick, I love how it's skinny but still very tall, I love that you can use an esim and physical sim at once (even though I'm just going to continue to use a physical sim for the foreseeable future), and I love how it's as powerful as it is while not being overkill making it significantly more expensive. It took me like 3 years to go from thinking about upgrading from the 2021 moto stylus 5g to actually buying a new phone, but I'm glad I got the slightly higher end option. The build quality is great for the price.",0,0,"2025-07-07T00:52:27Z","youtube","positive","dave2d"
"UgzuU-ew7uqDkVVC-QR4AaABAg","@bharatbgl","I really like your sense of humour :)",0,0,"2025-07-06T02:38:29Z","youtube","positive","dave2d"
"Ugwx0yWQfkzBIXcB7qV4AaABAg","@adaliadudley","I thought on the regular razor 2025 the.
I had a thirty two megapixel question mark",0,0,"2025-07-04T08:18:33Z","youtube","positive","dave2d"
"UgyC834OHG1dJtIVgRF4AaABAg","@Asher_ni","is it better than the  Galaxy Z Flip6??? and does anyone have either one to compare? i want to get one but undecisive on which one",0,0,"2025-07-04T06:19:36Z","youtube","positive","dave2d"
"UgwAlRdIXcRstFk-Yy94AaABAg","@rohan_on_earth","6:52 😆😆😆",0,0,"2025-07-04T05:45:41Z","youtube","positive","dave2d"
"UgySDc0yzAUHGRHJX2R4AaABAg","@Masterfighterx","On my Galaxy S10+ the power button broke so it became loose and eventually fell off one day going to a concert, you can imagine my joy to the moon when I finally tried to really dig in and remove the bixby button (after refusing to by a set of 3 for the whole phone online and have the power button missing for weeks, if not months, lol) and it worked and then popped it in the power button slot and it just stayed there and no more annoying bixby button missclick 😄",0,0,"2025-07-03T22:43:41Z","youtube","positive","dave2d"
"UgwhXsQP1x5mo8PXCyt4AaABAg","@LM77va","Neat phone.  Get the Razr 2024 for $200. Buy the 2025 in 2026.",0,0,"2025-07-03T21:32:05Z","youtube","positive","dave2d"
"Ugx5V_m40SxlswnrfQ14AaABAg","@onesadtech","I honestly love my Moto G Power 2024, for the price (less than 300 cad on sale) I can't believe how good the specs and features are. The 2021 G Power I had previously lacked in performance for sure, but it was very solid and the battery was so impressive (multiple days still no problem after over 2 years of use) that I decided to give the 2024 a shot and man am I ever happy I did. I'll definitely be looking at the Edge and Razr next time I am in the market for something a bit more high end.",0,0,"2025-07-02T13:43:59Z","youtube","positive","dave2d"
"UgzphkFjx6miv-emec14AaABAg","@Tim_Dunkin","How small are your hands that you can't reach the back button on the navigation bar? 😂",0,0,"2025-07-02T05:22:27Z","youtube","positive","dave2d"
"Ugxvi-Q6FEXf4jPqMoV4AaABAg","@juelsokoo","I think ""ballistic nylon"" is what John Wick suit is made of 😅",0,0,"2025-07-02T03:49:41Z","youtube","positive","dave2d"
"UgxYociVmlUwVsLD7Gt4AaABAg","@a.p.4847","is the bend in the seam distracting?",0,0,"2025-07-01T23:40:42Z","youtube","positive","dave2d"
"UgyjdQqk8vI76aaNlKt4AaABAg","@codDiesel","Great review Linus",0,0,"2025-07-01T16:01:56Z","youtube","positive","dave2d"
"Ugx1KbUoD3ohfVthc8h4AaABAg","@Zeroskillzs5","My Motorola razr plus  that has broke 5 times and has burned in the corner 8 times",0,0,"2025-06-30T07:24:36Z","youtube","positive","dave2d"
"Ugwu7ZU-772Iy5Kj5Bp4AaABAg","@jalaly619","Dude, were did you got those dope ear-rings from 😀....I need a pair of those ❤",0,0,"2025-06-29T20:42:36Z","youtube","positive","dave2d"
"UgwmpqEy7x0gpOex9r94AaABAg","@Burntime2000","no one srsly needs those stupid ai features...",0,0,"2025-06-29T20:03:16Z","youtube","positive","dave2d"
"UgxkI0486B3ctO20G-14AaABAg","@jackryan2946","Hey! Thank you for the video! I have been going back and forth on getting the razr and a clicks case or going for the unihertz titan 2 phone. Could you guys maybe do a review of both options in the future? Thanks and love y'all content!",0,0,"2025-06-29T13:45:26Z","youtube","positive","dave2d"
"UgydJdGbG3sRGPPyZjF4AaABAg","@RiftersTech","7:15 no no no. Don't get this by water or sand or dirt or anything outside a clean room.",1,0,"2025-06-29T08:13:07Z","youtube","positive","dave2d"
"UgyELRRNmvDbZox8czR4AaABAg","@CactuarKnight","I wish you would make update videos after all the software updates.",0,0,"2026-05-06T07:10:15Z","youtube","positive","mrmobile"
"UgzqmFaYFv1p95sCNGF4AaABAg","@GridDweller77","Can we get a update video? Wanna hear if some of the bugs got smoothed out.",0,0,"2026-03-18T02:46:56Z","youtube","positive","mrmobile"
"UgyKJuGZ8SzIiD7c3vt4AaABAg","@brendDun","Thanks Michael. Great review.",0,0,"2026-02-24T00:06:11Z","youtube","positive","mrmobile"
"Ugy1GCEk3XJW1wsxDdt4AaABAg","@facu_fsvu","Which has better battery life? This base Razr 2025 or a Razr+ 2024?",1,0,"2026-02-16T21:30:30Z","youtube","positive","mrmobile"
"Ugxt5cXG3JIQGtIUUad4AaABAg","@Krystalmyth","People still constantly ask me about my Razr, it's a conversation starter.",1,1,"2026-02-15T05:50:10Z","youtube","positive","mrmobile"
"Ugw189gT0MhLuokAo9B4AaABAg","@frank-bmtz","I've only had mine for 2 days, and I love it. I only miss my iPhone Camara, other than that, I love the razr 2025.",0,0,"2026-01-17T05:16:22Z","youtube","positive","mrmobile"
"UgwoKIPH4IuoDUonW0N4AaABAg","@EthanM018","Mr. Alcoholic back at it again",0,0,"2025-12-12T22:28:15Z","youtube","positive","mrmobile"
"UgwBZcAHa1gduGyMvNN4AaABAg","@Andy-sl5dz","Just got this version of the razer from Walmart for $350. I’m mainly buying this just for fun and to tinker with. So far I like it.",1,0,"2025-12-04T02:55:22Z","youtube","positive","mrmobile"
"UgzZGKXDcVmEfVw9Xl14AaABAg","@shayasteinberg4812","Does the 2025 razr ultra support UWB?",0,0,"2025-12-01T11:10:44Z","youtube","positive","mrmobile"
"UgxoVx8vb5IMPaXicEl4AaABAg","@AgusSJati","FYI, I got mine, imported from China. It doesn't have eSIM, but it has two physical SIM card slots.",0,0,"2025-11-29T13:27:46Z","youtube","positive","mrmobile"
"UgxP8lii7gNCKwEtKvl4AaABAg","@ambrunelli","I'm coming from an iPhone 13 and I get this phone on cricket for $199? Is it worth it? I want to give a flip phone a try?",1,0,"2025-11-19T15:49:40Z","youtube","positive","mrmobile"
"UgzzxdsCKSF2vuERaQ54AaABAg","@s.reeves6549","YOU FORGOT 2 P” IN THE SEVEN P”S PRIOR, PREPARATION & PLANNING, PREVENTS, PISS, POOR,PERFORMANCE.",0,0,"2025-11-07T10:13:49Z","youtube","positive","mrmobile"
"Ugw2Spog8OFpW3Kj-cV4AaABAg","@timotheatae","Is the Switch 2 review still forthcoming?!",0,0,"2025-11-05T15:01:38Z","youtube","positive","mrmobile"
"UgzRw01dXWVlaZRRZKh4AaABAg","@Alba_regia75","Unfortunately  Motorola - and it doesn't matter which model of theirs you try- still suffering the same old same old it was suffering 10-15 years go. I had plenty of Motorola phones over 2 decades now and they never filled the role of a primary phone. Always just a burner phone- a backup device or something to use until I get something better.  Battery life is fantastic, I gotta give it to the budget models, but overall performance and the camera is where they seem to always cheap out, even on these more expensive units. A hard pass on this Lenovo...khmmm...I mean Motorola, until they get out of the hamster wheel they've been stuck in for decades.",1,0,"2025-10-16T20:59:45Z","youtube","positive","mrmobile"
"Ugx1ci3lLzVdNTdKuNB4AaABAg","@Giftig--Daniel-P","1:40 I lol'd so hard at your writing here I almost lost my breakfast 😂😂😂",0,0,"2025-10-16T16:03:34Z","youtube","positive","mrmobile"
"UgzSlb-7xQ0F0Y9048p4AaABAg","@deadringer-cultofdeathratt8813","1:35 Idk what happened here, but the lower right edge of the device seems to be moving in blur-motion",1,0,"2025-10-14T21:58:16Z","youtube","positive","mrmobile"
"UgyK-Q5MzMo1Xc1gKax4AaABAg","@edwinwilkerson6051","this is an episode of rick Stevens europe not a review of of a razr 2025",0,0,"2025-10-14T18:53:58Z","youtube","positive","mrmobile"
"UgxLgPNtca0XWeYS6XZ4AaABAg","@aquamarinekaykb1986","Not cheap hear in Australia it’s quite expensive",0,0,"2025-10-07T08:43:10Z","youtube","positive","mrmobile"
"UgyuMOVkSPC06-WBymR4AaABAg","@ryuhaneda","I... almost... got this phone. I went elsewhere for a foldable foray into first flips. I watched this as a ""road not traveled"" exercise and am glad I did - the camera and software experience alone got my attention.",0,0,"2025-10-05T16:49:08Z","youtube","positive","mrmobile"
"UgzYTujRjQmzTPEe5M14AaABAg","@craftyredesigns8177","Worse phone I have owned.",0,0,"2025-09-20T23:56:35Z","youtube","positive","mrmobile"
"UgwuZPdgesbhEsOVtex4AaABAg","@eckhardlischka5680","Clicks -end of the game? I wonder about the silence from Clicks. No more emails, no more ClicksCast, no comment from CBK or Mr. Mobile. Have they stopped working on Clicks?",0,0,"2025-09-08T13:14:02Z","youtube","positive","mrmobile"
"Ugz8GToQ1lUU3ZwPcTd4AaABAg","@corybureau4124","i tried Niagra launcher on my moto razr 2025, but i needed more dopamine to hit, so Nova launcher succeeded it.",0,0,"2025-09-05T16:11:32Z","youtube","positive","mrmobile"
"UgwyAHeG7GzOhPyXNWF4AaABAg","@carriereed8088","Can you do a review or comparison of the newest razr's? There aren't many reviews on the plus, is it really worth it?  I like the full screen when its folded and I dont do the kind of posting you do, im just a regular consumer who does love the best ones but do I really need it?  Please and thanks if you do.",0,0,"2025-08-23T00:55:48Z","youtube","positive","mrmobile"
"Ugyvx4o9MDto-HAApGV4AaABAg","@momfromnj911","I got the green one base model $300 though Cricket
I love it",0,0,"2025-08-21T23:15:06Z","youtube","positive","mrmobile"
"Ugw6pAZqpawuwdHN9414AaABAg","@esequielgonzalez-medina1354","@TheMrMobile 4:54 what brand of shoes are those? I need them in my life.",0,0,"2025-08-21T16:28:39Z","youtube","positive","mrmobile"
"UgxMGSmLU6hjA0-2KF94AaABAg","@WillyMandingoWinchester","Cricket Wireless has the best deal in the nation on this phone!",0,0,"2025-08-21T15:01:14Z","youtube","positive","mrmobile"
"UgzLO1YJb9RMuGk7SXZ4AaABAg","@ImmortalEye3115","I'm yet to use Gemini for navigation or event planning, however as a conversation partner for brainstorming and learning about topics it is revolutionary. I too have found myself also chatting with the thing for almost an hour straight occasionally.",0,0,"2025-08-17T02:34:36Z","youtube","positive","mrmobile"
"Ugx01xNAZvdpuOnbDLZ4AaABAg","@VeedoC25","A.i. = algorithmic interface. Not artificial intelligence!!",0,0,"2025-08-17T01:42:42Z","youtube","positive","mrmobile"
"UgzkoNvv0cQZP2seKOJ4AaABAg","@Ballsack44","5:08 lady looked at u funny lol",0,0,"2025-08-11T04:22:37Z","youtube","positive","mrmobile"
"Ugzvv9WiIbGpdApJMdp4AaABAg","@beastmode4617","Motorola makes affordable phones that are great quality. I'm a loyal Moto g stylus buyer.",2,0,"2025-08-08T12:11:04Z","youtube","positive","mrmobile"
"UgxAetFhINMa-EY86Rd4AaABAg","@reinovanrooyen8915","I got the same color one...I really like the color",0,0,"2025-08-07T01:16:38Z","youtube","positive","mrmobile"
"UgzlCzQAgIiDPhVkGDV4AaABAg","@nelsonpun","holy crap been a while since I used an android.... these mid range android phones have horrible cameras/mics",0,0,"2025-08-05T23:54:22Z","youtube","positive","mrmobile"
"UgxXiCBarkJAcXdyjW54AaABAg","@wqqdcraft","jesus christ.. all i wanna know is about the phone.. not some long winded rambling word slop, that only serves to try and make dude come off as cooler.. dude posts a video that says its a review, and its actually a vlog.. waste of time.. if you interested in learning about this phone.. this dude is NOT the guy to tell you... he will brag about doing rich guy things tho.. if you into that re-tar-da-tion",3,0,"2025-07-29T19:50:23Z","youtube","positive","mrmobile"
"Ugw6TCZsQljrjiUSB-F4AaABAg","@SaintPaulChurchus","This phone has slowly become my daily driver. I also have a Z Fold 5 but became tired of carrying a big phone. I love the fact that I can do almost everything from the display screen. I also love the battery life and the fact I can close the phone and put it in my front pocket. Camera isn't good but I'm not a picture person so it doesn't matter. This is not a productivity phone but it gets the job done. If you are looking just to make calls, text, check and send emails, and to surf social media, the razr is it. I got the phone for $50 through a promotion from T-MOBILE.",11,0,"2025-07-28T03:06:53Z","youtube","positive","mrmobile"
"UgyJh99y2u2jEdJfuBd4AaABAg","@Thespandexspider","I've never been a repeat buyer of phones. Typically I'll buy a phone, run it through and move on to something different. My experience with the moto razr line has been great. I had the 2023 plus model for a little while. I'd probably still have it if I hadn't dropped it so many times and protected it better, but alas the inner screen became useless. I purchased just the 2024 moto razr, and so far I am quite happy with it. For me and for most people this phone meets our standard needs. Motorola has made a really great product after being out of the spotlight for a little while. I was more of a Samsung user before switching. Now I'm hooked on flip phones again and I don't see myself going back to using a slab phone, but for the time being I will wait to see what they come out with next before upgrading again.",6,0,"2025-07-25T03:04:09Z","youtube","positive","mrmobile"
"UgzCrxmEnGWFK2dBoAZ4AaABAg","@koneAV","Don’t call these videos “reviews.” My main concern when choosing this device was the battery life, and you don’t even touch on the topic. I think that’s imperative in a review. 🙃",2,0,"2025-07-22T22:35:13Z","youtube","positive","mrmobile"
"UgxCh5qfK5BWrNIoDkJ4AaABAg","@DanielH-y2q","I think this is a great phone. I don't feel that is that slow but I have also never had a top tier high spec phone.",1,1,"2025-07-21T22:33:15Z","youtube","positive","mrmobile"
"Ugzc-Na1L4CM4a9Jqfp4AaABAg","@DanielH-y2q","That funny you call this easing back into tech this is the fancy phone I ever owned.",0,0,"2025-07-21T22:22:28Z","youtube","positive","mrmobile"
"UgzCA4Eqt_iMz848tv14AaABAg","@marcsroberts","I love Niagara launcher.
Feels like it puts just enough friction between me and the apps I don't need to be on all the time, and keeping apps I do upfront, that I don't feel that building need for a detox rising as often.",0,0,"2025-07-20T09:59:42Z","youtube","positive","mrmobile"
"UgyYtZ15jngbStw7rCV4AaABAg","@alanleonel95","sounds like the usual early moto syndrome of having shitty optimizations, lets hope they fix the bad stuff with updates.",0,0,"2025-07-16T20:32:02Z","youtube","positive","mrmobile"
"Ugz0OMFQYf4mI-5Zurt4AaABAg","@CrypticDaemon","I want a flip phone so bad I am considering the Ultra and zflip 7 but ima see if google comes up with one this year I can wait.",0,0,"2025-07-16T03:37:15Z","youtube","positive","mrmobile"
"UgzOzp4wRmya6CTibf94AaABAg","@skylerwright94","Wondering if this or the flip 7 is better. Verizon won’t let me pick the ultra razr.",0,0,"2025-07-11T20:22:53Z","youtube","positive","mrmobile"
"Ugxi7dkUZQGZ5F0J3Cp4AaABAg","@MarkySim17","i have realised from using different phones from different manufacturers. Software is the key. No matter the best  hardware or how bigger the battery or how fast it charges or 1 inch camera sensor if the sofware is trash the phone is useless as it cannot utilise its powerful hardware. Its 2025 still the Samsung, Oneplus basically the big android companies cant optimise apps for there phones. Simple app optimization example Instagram camera is crap on flagship android phones even snapchat compared to apple. Come on its 2025 dont be greedy give us consumers the best experience.",0,0,"2025-07-09T21:50:51Z","youtube","positive","mrmobile"
"UgzIhhuafMVskrPopfR4AaABAg","@hilmyakatsuki1665","But click qwerty case is too expensive for addition to this phone. I wish you also make a cheaper variant for cheaper foldables and flippables( is that a word?) as a potential long run customer base. I think foldables are the reason why someone would want qwerty extension unlike regular phones.",0,0,"2025-07-06T18:08:17Z","youtube","positive","mrmobile"
"UgwyyPGuuOH6Tc0x1NB4AaABAg","@lonniec7603","Excellent vid",0,0,"2025-07-05T14:57:59Z","youtube","positive","mrmobile"
"Ugz2Aj2xfarRq800Zwt4AaABAg","@drewinNOLA","5:10 ""Is he recording us?""",5,0,"2025-07-04T17:03:23Z","youtube","positive","mrmobile"
"Ugwj8oZxX0ygql0Zi_R4AaABAg","@lg-spook","I had to do a double take when you said ""piss poor performance"" Wasnt sure i heard you right lol. Made me chuckle!",2,0,"2025-07-04T12:10:05Z","youtube","positive","mrmobile"
"Ugztoc81UD_iUoJa-eR4AaABAg","@iordaniskaravasilis","I'm the proud owner of a Razr 2024 a few flaws though: 1. When listening to music or watching a video on YouTube the sound has a tendency to disappear or become very faint quite annoying. 2. The Instagram app doesn't always perform as it should it cuts the page off also annoying",0,0,"2025-07-03T14:38:54Z","youtube","positive","mrmobile"
"UgzIFtUVRCvoZaQmSwx4AaABAg","@TheRealisttt","Meh, I found that with the flip phones what I need is a spot on the top of the phone when you have it closed to put a ring holder but instead they’re trying to shove big screens on the outside, of course so now I don’t have a place to put my ring. I could put it on the bottom but when you set it on a table it just wobbles around when you have it in the half open position. I wish I could just stick with my Samsung flip 4 design forever.",1,0,"2025-07-03T11:10:40Z","youtube","positive","mrmobile"
"UgykaJMjAVHiGO1perp4AaABAg","@andyco5454","Michael, is there any chance of you reviewing the unihertz titan 2?",0,1,"2025-07-03T07:07:03Z","youtube","positive","mrmobile"
"UgyneA_K9UsPU8aWTCZ4AaABAg","@berdansargol1577","I hate AI and bloatware being the norm in the phone space. Even Google, the once king of the clean phone experience with the first Nexus and Pixel phones, is now an AI slop extreme phone maker. I hate that my routine with every new phone being debloat phone using Shizuku or ADB, then deleting every part of generative AI, including the Assistant. I just want to have a useful computer-phone that has good performance, good battery life and enough storage to last me for a decade.",0,0,"2025-07-01T13:28:18Z","youtube","positive","mrmobile"
"UgxszhbWP8hPRW6Pi5t4AaABAg","@Yoshii-17-s3m","Soooooooo it's Monday the 24th and shipping update for my Clicks for Razr 2024 tracking was supposed to arrive at the "" latest "" by Monday. Which was yesterday. No update from anyone on the Clicks team..... Lovely.",0,0,"2025-07-01T07:26:15Z","youtube","positive","mrmobile"
"UgwnX-r2uNoh_noF6pJ4AaABAg","@officiallyunofficial3741","I'm aware that you have a bunch of phones to go through, but I suggest you give a Razr a full year as a daily phone.  I have used the top models for a few years now and within a year, the screen protector always scratches from your finger/fingernail swiping on it (no I don't have long finger nails or anything like that.  My current 2024, a piece of what I can assume is a gasket around the perimeter of the main screen some how slide out and was hanging outside until I tore it off.  The protector has risen off the screen right above the fold all the way across the screen, exposing it to dust, dirt, etc.  I don't have time to ship my phone to Razr, or get it fixed locally, I love the idea of the flips, but these short term reviews on these flip phones are only a very small part of owning one.  Plus the texture back seems like a good idea, until you try to pull your phone out of your pocket and the phone ends up falling out of your hand as you try to get it out of your pocket.  These phones are here for a short time, not a long time.  I wouldn't suggest a flip phone to anyone, I think it takes someone who doesn't really care about reliability or durability to buy one.  I'm one of them, but it is frustrating.",1,0,"2025-06-30T22:41:38Z","youtube","positive","mrmobile"
"UgzJBQ7cQSL0JES1iwl4AaABAg","@corn4744","It's mandatory a screen protector?",0,0,"2025-06-29T21:14:14Z","youtube","positive","mrmobile"
"Ugy7VwY1Ja9yUtXV8Ux4AaABAg","@DavidBurns174","""As far as I can tell""",0,0,"2025-06-29T20:59:56Z","youtube","positive","mrmobile"
"UgxaggqaJzIXy7r7dut4AaABAg","@okaybro7740","I just use my phone for social media and a few low graphic games i have a s25 ultra obviously im not expecting it to be nearly as fast but i don't need all the power anyway but i also don't want a slow phone, is this a good option",0,0,"2025-06-29T19:57:10Z","youtube","positive","mrmobile"
"Ugz7TyXL9tAgMl1rR9Z4AaABAg","@JamesLawner","Am I the only one who thought the camera on this phone looked fine? I didn’t see anything wrong with it 😕",1,0,"2025-06-29T09:42:20Z","youtube","positive","mrmobile"
"UgzOS_QjAGv93JaPjNt4AaABAg","@mayajigua2087","What's the brand and model of the sunglasses",0,0,"2025-06-28T19:58:49Z","youtube","positive","mrmobile"
"UgyJx223fzGni-_MJvt4AaABAg","@tom6237-p7x","What happened to the channel?  All the playlists have disappeared.",0,0,"2025-06-28T14:03:12Z","youtube","positive","mrmobile"
"UgyewmOHOwGDSi5s_HN4AaABAg","@sindrisuncatcher653","""IP48 water and large ant resistance"" is one of those phrases that's going to enter my lexicon

Anyway, I will buy a foldable phone the moment somebody makes one that I actually believe will survive for five years. I think the current generation might be up to two year lifespans if you're careful with them, which is way better than the 4-6 months that the early ones lasted for, but still a long way from durable enough for somebody who isn't already replacing their phone every time a new model comes out.",0,0,"2025-06-28T08:27:50Z","youtube","positive","mrmobile"
"UgwT3zg_1YeKnG0-6Ol4AaABAg","@danielaalfs","I got a dead pixel in one week let's see if I can get it fixed 😅",0,0,"2025-06-28T07:55:12Z","youtube","positive","mrmobile"
"UgzUZmuXOZM4SxOJ3uZ4AaABAg","@edd-j3j","I stopped watching the video when I saw the camera's performance",0,0,"2025-06-28T07:37:33Z","youtube","positive","mrmobile"
"UgwjE_ID75w-g_J5GZd4AaABAg","@RAGEllI","Need a titan 2 review",1,1,"2025-06-28T01:45:04Z","youtube","positive","mrmobile"
"UgxJTnafdOzBIAjUSZZ4AaABAg","@Dryadsons","thanks not enough good reviews of this base model its always the ultra",0,0,"2025-06-28T00:00:32Z","youtube","positive","mrmobile"
"UgyGlDRMg1Iq_bdC7cB4AaABAg","@oscarcorgan","AI is like cancer. It spreads without control and we lack means and tools to erase it. Every single simple algorithm is nowadays dubbed as ""AI"". Hell, soon automatic Matrix LED's on cars will be AI powered... No one wants or needs that crap.",0,0,"2025-06-27T12:56:15Z","youtube","positive","mrmobile"
"UgyzlF2GtR1NH0D2Xop4AaABAg","@johnnychua6738","Seriously!!! Are there any actually REAL practical usability of foldable phone other than raising the prices to ridiculous levels!!!??!! This question also applies to the ever increasing amount of rear camera lens which never seems enough to limit to just single capable camera len...
The GOLDEN RULE FOR ME IS THAT ALL THESE MANUFACTURERS ARE BASICALLY ALREADY RICH ENOUGH,NO NEED TO HELP THEM TO INCREASE THEIR RIDICULOUS INSATIABLE GREED FOR FINANCIAL WEALTH. CASH IN MY POCKET IS MUCH BETTER THAN IN OTHER'S POCKET!!
I've been more than satisfied with my simple Samsung galaxy A series phones,which historically had proven to last me at least 4 years on average.
Just stop to think about this: prices for single ""Z"" series equal to about 3 or 4 ""A"" series (depending on the model), which ultimately means that for the price of a single ""Z"" series phones, I could have afford to change a phone every 4 years  for 3-4 cycles, which further meant I could have phone usage continuously for next 16 years!!!",0,0,"2025-06-27T12:03:31Z","youtube","positive","mrmobile"
"UgxejyCbVwWzX42P2Z14AaABAg","@nothingtoseeherelolkek","Nah, I broke many glass screens. I ain’t gonna buy a plastic one.",0,0,"2025-06-27T07:18:17Z","youtube","positive","mrmobile"
"UgwZAcm7KPJsmkdOdwx4AaABAg","@Hazdazos","Bloated software?  That's a damn shame, especially since Motorola used to have a very debloated install of Android on their phones years back.  That was a huge draw to their phone knowing it was a near-stock Android experience.  I'd love to drop my boring Samsung phone and go back to Motorola, but heat issues, bloat and questionable update schedule give me pause.",0,0,"2025-06-26T22:23:24Z","youtube","positive","mrmobile"
"Ugw5U38hrAi9DkzDaXx4AaABAg","@coscorrodrift","lol the ""its samsung"" thing happened to me as well at least a couole times, somefairer bc i didnt say ""motorola"" and just razr but many times even after saying motorola they just go ""yeah samsung flip z right?""",0,0,"2025-06-26T15:21:54Z","youtube","positive","mrmobile"
"Ugw0EVRaq8THvboWnRZ4AaABAg","@ThroneWatch2025","price tag is definitely a good deal, but for me who likes preserving photos this could be a dealbreaker for me",0,0,"2025-06-26T14:46:24Z","youtube","positive","mrmobile"
"UgyhZb6Sn3t_hkMRUap4AaABAg","@MrTomLegit","When I tested last years razr, the camera system made me realize how much I took the iPhone camera system for granted. I wanted to love the device so much.",15,1,"2025-06-26T14:32:39Z","youtube","positive","mrmobile"
"Ugwy8AO5q4mJpz_FERd4AaABAg","@iordaniskaravasilis","Watching this while holding on to my Motorola RAzR 24",1,1,"2025-06-26T01:29:07Z","youtube","positive","mrmobile"
"Ugx-kzLIMV-NyJZrnQl4AaABAg","@0y3Ch1n0","7:05 
So even AI severely underrated how much you'd travel on foot in Paris the first time. A dilemma most of us also severely dont have in mind.",0,0,"2025-06-25T21:15:23Z","youtube","positive","mrmobile"
"UgxLT_VbA-r3zlgDd2N4AaABAg","@lauly33","Whom looks after your lovely felines when you’re away, Michael ? I’d like to offer to help out..but am based in Oxford, 🇬🇧 ⁉️ 😻😹🐈🐈‍⬛🐾 x.",1,0,"2025-06-25T19:53:08Z","youtube","positive","mrmobile"
"UgxLeuFB2eXgktxieTd4AaABAg","@RobertKirkpatrick84","Low key, if they didn't try to shoehorn ai shit in and just focused on performance and the launcher for the cover screen their target audience would flock to them in droves.  Who is telling companies that these AI things are moving units?",0,0,"2025-06-25T19:34:04Z","youtube","positive","mrmobile"
"UgwkBA2V28sgjcZQVdB4AaABAg","@Amnbluegrass","Any Unihertz Titan 2 review coming out?",1,0,"2025-06-25T18:21:09Z","youtube","positive","mrmobile"
"UgyYQ6WjfypXsQScIVZ4AaABAg","@sk9la","Jeez if I knew Michael Fisher was in Paris, I would've come to VivaTech and say Hi",0,0,"2025-06-25T17:13:31Z","youtube","positive","mrmobile"
"UgxajutawAhoOF3on4J4AaABAg","@meric12131415","I think this the first time I've seen the share screen function on Gemini in person also cut Gemini a bit of slack she's not a perfect AI no AI is🤣",0,0,"2025-06-25T16:03:06Z","youtube","positive","mrmobile"
"UgybG1gaCAEP1p1QIQZ4AaABAg","@meric12131415","It's nice see mr mobile back in the fold of the digital lifestyle nice to have you back😁 also pun super intended!",0,0,"2025-06-25T15:55:54Z","youtube","positive","mrmobile"
"UgxHiLvg4LdFQl5tXZl4AaABAg","@firstwolfplus","How can it be 2025 and android phones are still having performance problems?",0,0,"2025-06-25T15:38:19Z","youtube","positive","mrmobile"
"UgxfSbvGwM4iIULygkx4AaABAg","@gadgetlady4957","I have a Samsung, but I like the look of the Motorola better",0,0,"2025-06-25T14:19:20Z","youtube","positive","mrmobile"
"UgyLCjgCTSKvMy4H4RV4AaABAg","@Daedalus-BC304","2:49 I'm just wondering how and why you have Captain Picard in your contact list...",0,0,"2025-06-25T13:27:47Z","youtube","positive","mrmobile"
"UgwfFTN5ApIQQ1f9No14AaABAg","@bobonyoutube124","I'm so over Apple, Samsung and Google playing it safe when we need those wild Chinese phones to actually make tech exciting again instead of these snoozefest launches",0,0,"2025-06-24T22:10:54Z","youtube","positive","mrmobile"
"UgxVdYf6oAhH5JjkUd54AaABAg","@dreamleak_intel","i see you listening to flight facilities. exquisite taste. ♪ ♡",0,0,"2025-06-24T21:37:56Z","youtube","positive","mrmobile"
"UgxILtFSE4X_vuaCsRB4AaABAg","@ManuelAMartinez","Nice business class flex 😊",0,0,"2025-06-24T21:37:41Z","youtube","positive","mrmobile"
"Ugzi5gSH2GL2oUlyKD14AaABAg","@stephanieperry1119","It seems a decent enough phone to me but I get a Moto Razr it would be the middle one.",0,0,"2025-06-24T21:25:28Z","youtube","positive","mrmobile"
"UgwpfWduGdDyqeSwUop4AaABAg","@stephanieperry1119","I with Moto was still American company not Chinese",0,0,"2025-06-24T21:15:02Z","youtube","positive","mrmobile"
"Ugz7X7lfY8KYPFP1xD14AaABAg","@tiemji","Thanks for this review. This phone looks pretty cool for the price",0,0,"2025-06-24T20:29:11Z","youtube","positive","mrmobile"
"Ugyx0fR4nk_U-IAR1yJ4AaABAg","@south_ends","Who cares about updates every other day like apple, so it becomes useless in 2 years",0,0,"2025-06-24T20:18:07Z","youtube","positive","mrmobile"
"UgwTKkzY6LURGHVXxvR4AaABAg","@ahslan18","Looks like Moto still hasn't gotten their sh together when it comes to software. Completely unacceptable.",0,0,"2025-06-24T19:00:06Z","youtube","positive","mrmobile"
"Ugwl-8jS2rUXvdYkJrZ4AaABAg","@tarzshkr","Damn was there at viva tech , would have been great to meet you",0,0,"2025-06-24T18:51:01Z","youtube","positive","mrmobile"
"UgwllANN0YuYUCfv1U94AaABAg","@CaptainToadUK","I have the 2024 Razr (in that wonderful Orange) and it's a great phone with acceptable cameras. It works greate for me in almost every circumstance except... try taking a photo with music playing through bluetooth headphones. Either everything crackles and the shutter stutters or even doesn't fire or the music app just dies. It's not a dealbreaker but boy is it annoying sometimes!",0,0,"2025-06-24T17:34:32Z","youtube","positive","mrmobile"
"UgzvQAt4j2gEUp4FhCJ4AaABAg","@OmniUni","The software issues are really strange to me. I have the Razr 2024 and the phone runs very smoothly. It's really disappointing to see that it is apparently a step backwards from generation to generation.

I do wish Lenovo/Moto would do something about the camera situation. After I took a few weeks off of my Razr to try a budget Xiaomi Poco, it has been an unpleasant shock remembering just how bad the Moto camera is by comparison.

Even worse, I know that the chipset in the Razr 2025 is more than capable of providing a smooth, cool, and reliable experience, so this appears to be exclusively a software issue.",0,0,"2025-06-24T16:33:52Z","youtube","positive","mrmobile"
"Ugwj6Dhy036GrS_clLl4AaABAg","@MJJ1390","I wonder if they every fixed the abysmal processing. I got sick of my 2023 Razr+ after apps CONSTANTLY shut down when I wanted them running in the background. Got to the point the HOME SCREEN wouldn't display anything because the phone didn't know how to process anything or use RAM appropriately",0,0,"2025-06-24T15:50:45Z","youtube","positive","mrmobile"
"UgzIpcH67x8hq6BfQQB4AaABAg","@MessiBetterCR7312","Hello from my Infinix Zero Flip.",0,0,"2025-06-24T14:59:34Z","youtube","positive","mrmobile"
"UgxiVlvcKshX8y_H9YR4AaABAg","@danielhenzphotography","So what were you discussing about Star Trek &  Paris?",0,0,"2025-06-24T11:29:52Z","youtube","positive","mrmobile"
"UgzA5iQz3ZjwchO9Emh4AaABAg","@binary964","man i remember when the cool kids had the original motorola razr in elementary school and i was rocking nokia 1600",2,0,"2025-06-24T11:29:18Z","youtube","positive","mrmobile"
"UgwD_nVil_kv8JydY5l4AaABAg","@phyrexianND","The only issue with Motorola is the lack of software support",0,0,"2025-06-24T11:04:37Z","youtube","positive","mrmobile"
"UgwIZVJMhNNYlulTZ-J4AaABAg","@tommior9553","phone seems sweet but that cover display is a mess...
it cuts out all the text and info cause it had to go around the cameras. I would rather have smaller display",0,0,"2025-06-24T08:21:32Z","youtube","positive","mrmobile"
"Ugyn40fXsUAgztWRtuB4AaABAg","@d3r4g45","here me out: just the top cover of this, as a phone of it's own.",1,0,"2025-06-24T07:30:57Z","youtube","positive","mrmobile"
"UgyzchD5_UrOIcBlAnR4AaABAg","@trimmor","I plan on buying the Razr, but not the 2025 one. I'll get the 2024 one that has significantly less AI bs.",0,0,"2025-06-24T04:24:31Z","youtube","positive","mrmobile"
"Ugx7WsUGVbiqSf-uvRB4AaABAg","@TomGreen99","Would you call it a smart KRZR? 😂",0,0,"2025-06-24T04:02:10Z","youtube","positive","mrmobile"
"UgwkhbhGWHte3BdQ8ZB4AaABAg","@James58094","2:30 to 3:00 clip is golden",0,0,"2025-06-24T02:14:55Z","youtube","positive","mrmobile"
"UgyetSpt3oRP6Y473xR4AaABAg","@philipgilmore1357","A little off topic but I’m still waiting on my clicks case I pre ordered a few months ago  and seeing how this came out during the wait, will this work on the RAZR clicks case?",0,0,"2025-06-24T01:17:37Z","youtube","positive","mrmobile"
"UgxdJ5Ma_H04zrmCd994AaABAg","@Madcatdave","Viva la tech!!",0,0,"2025-06-24T00:37:27Z","youtube","positive","mrmobile"
"Ugy9bsDy-_6hjBBk3pV4AaABAg","@marmadukechuffnell4006","How do I get the wooden one?",0,0,"2025-06-24T00:13:44Z","youtube","positive","mrmobile"
"UgxdpXkzU3_m8orqhTV4AaABAg","@nicolasmontiel8075","AI  fatigue.

Your razr loks buggier and less optimized than my 2024 minus model",0,0,"2025-06-23T22:38:15Z","youtube","positive","mrmobile"
"UgwWsaOAVvxpgQbKiXx4AaABAg","@auliamate","the second you mentioned overheated this turned to a ""maybe i'll just save for the ultra"" for me. because i have NO tolerance for slowness or overheating from medium usage. my iphone 12 is notorious for overheating after 30-50 minutes of usage, screen on or off, on wifi or LTE, it has left me completely refusing to use devices that cannot keep themselves cool. because when it overheats, my iphone requires me putting my cold water bottle on it's back to restore it to functionality.

the sooner they manage to fit vapour chambers in flip-style foldables, THE BETTER",0,0,"2025-06-23T21:35:53Z","youtube","positive","mrmobile"
"Ugyz3z5Lx9LV_M0JXGJ4AaABAg","@symzg5995","Someone's been watching Vivo😂😂😂I got the reference",0,0,"2025-06-23T20:31:58Z","youtube","positive","mrmobile"
"UgxwTmW1MxsjZLflUjF4AaABAg","@carrer9892","Thanks for review Michael :)",1,0,"2025-06-23T20:25:24Z","youtube","positive","mrmobile"
"UgzOXOLWAK0dLo8dFZ54AaABAg","@Reinturtle","I'm not eating that pistachio if it has that color 🤢",0,0,"2025-06-23T20:06:37Z","youtube","positive","mrmobile"
"UgzFDUyAur-dGN56Vyd4AaABAg","@CC_Reads","Wait a month and then suddenly the front screen voice control will randomly decide to never work again when the phone is closed",0,0,"2025-06-23T19:41:07Z","youtube","positive","mrmobile"
"UgzIV04rWYRiU1zfJ6p4AaABAg","@BadGaming-pro","I think $600 is a good deal for a folding phone, but a bad deal for a phone that has this phone's drawbacks. That camera performance, and that poor thermal management (a hallmark of most folding phones) is just not appealing to me.",0,0,"2025-06-23T19:41:02Z","youtube","positive","mrmobile"
"UgyI92rLht9zuCxilUJ4AaABAg","@Ciki92","is that samsung? lol",0,0,"2025-06-23T19:12:08Z","youtube","positive","mrmobile"
"UgwDUpM_nG2KjPNCJ2R4AaABAg","@dansanfrisco","Can't wait for AI to read me advertisements for 2 minutes straight before it answers anything....",72,0,"2025-06-23T18:57:06Z","youtube","positive","mrmobile"
"UgwQXah8wNYjsbpt4jV4AaABAg","@PijWodeBedzieszWielki","When asking Gemini about location-based, time-sensitive, personalized, or recent information, don't use the more engaging real-time mode. Use regular chat with voice input, as it can connect to Google Maps and Search and provide more accurate data.",0,0,"2025-06-23T18:35:19Z","youtube","positive","mrmobile"
"UgwBRWDyalgXLUkPjcJ4AaABAg","@Lupos-F","oh bummer.
i wanted to switch to one of these at the end of the year.
maybe it's better to find a good offer on the 24 model or did it have overheating problems as well? i don't remember you saying that...",0,0,"2025-06-23T18:33:34Z","youtube","positive","mrmobile"
"UgzNZKB4ToPVdWpxMpN4AaABAg","@javezkeith2537","Good video format however AI is too much now in every software platform and phone. I don't mind productive apps making life easy but slowing down your phone for the benefits of AI is annoying. What do you carry around tradesshows all day?",2,0,"2025-06-23T18:09:21Z","youtube","positive","mrmobile"
"UgyAQyi1SU8juo2eCc54AaABAg","@vexorian","Llvms are just broken like that. The AI is trained on data from two weeks ago. It won't give you current data. Now, we used to have AI that was capable of dealing with this issue. But llvms are the tech being overhyped now, even though they are simply worse than what we had before fir 99.9% of use cases.",0,0,"2025-06-23T17:49:10Z","youtube","positive","mrmobile"
"Ugwn2Vkvwm-oMaredJR4AaABAg","@krazybonnie5523","I think part of the issue with the poor performance has to be the weak SoC.

The Dimensity 7400X performance is around the performance of SD860, which is a overclocked version of the SD855 which is in the S10 series of phones from 2019.

It is more efficient, but an efficient chip forced to run at high clocks won't be any more efficient that a more powerful chip running at much lower clocks. 

If Motorola raised the price by 50 to 100 and put in a proper Mid-range chip like Dimensity 8300 or 8400 & their derivatives, i think it would make a much better device.

The entire dimensity 6000 & 7000 chips are just really bad.

The 6000 chips are all derivatives of the low end Helios G99(from 2022)and the 7000s are very similar with the key change being a 1 to 2 generation newer ARM cores & GPU",6,0,"2025-06-23T17:32:39Z","youtube","positive","mrmobile"
"Ugw6iryzFUfEIaQJw4V4AaABAg","@johnkeelty","Starbucks 😳😲nooooooooo!!!",0,0,"2025-06-23T17:29:53Z","youtube","positive","mrmobile"
"UgzQo2x99gEnEB7oVl94AaABAg","@IAMAMMAFAN","You are being way too hard on the 2025 razur. Its a great little phone that does everything it needs too at excellent price point.",2,0,"2025-06-23T17:26:58Z","youtube","positive","mrmobile"
"UgyVgTkLqopB--pEEPV4AaABAg","@Sean3614","I hope to see a review of the tcl 60 xe. I ordered one to see what the experience is like as a lcd that can act as eink mode sounds interesting as a mix between smart and a dumb phone.",0,0,"2025-06-23T17:16:47Z","youtube","positive","mrmobile"
"UgxKvWKpe08-g22zWbh4AaABAg","@BazilarMembrane","“Blocking me from websites I need” from France sounds especially funny, knowing what website was recently blocked there 😀

Great review, as always!",1,0,"2025-06-23T17:08:28Z","youtube","positive","mrmobile"
"UgxzqiirAkk1cj5Bb7B4AaABAg","@BraintheBren","But will it work with Clicks?!?",0,0,"2025-06-23T16:59:19Z","youtube","positive","mrmobile"
"UgylAG6DlM-KMRV6iaZ4AaABAg","@Space_Novel_Distribution","RIP I just bought an old Motorola razr for $150",0,0,"2025-06-23T15:18:32Z","youtube","positive","mrmobile"
"Ugx1nU5qZU3n5C3VZZN4AaABAg","@DLZ2000","BTW, I assume you're referring to:

TNG's ""We'll Always Have Paris""
Star Trek VI: The Undiscovered Country 
DS9's ""Homefront""/""Paradise Lost""
DSC's ""Will You Take My Hand""",1,0,"2025-06-23T15:12:46Z","youtube","positive","mrmobile"
"UgyJTPVkC1UnurzsTCZ4AaABAg","@DLZ2000","Still waiting for the Clicks keyboard.  I had to buy the Razr early because my Unihertz Titan Pocket died.  Typing on a virtual keyboard is agony, so I'm looking forward to attaching the Clicks.",0,0,"2025-06-23T15:07:22Z","youtube","positive","mrmobile"
"UgwulSfRM0LMy1fsjpp4AaABAg","@Danominator","Uninstalled Moto AI the moment i got my 2024 Razr+ lol",2,0,"2025-06-23T15:06:04Z","youtube","positive","mrmobile"
"UgzxpVdeYqH7ozC5Rh14AaABAg","@Evening_Star_Above","AI is Satan",1,0,"2025-06-23T15:04:31Z","youtube","positive","mrmobile"
"Ugzd2JF3-K6htSfh7Wx4AaABAg","@Evening_Star_Above","Already seeing these for 400ish euros here",0,0,"2025-06-23T14:56:36Z","youtube","positive","mrmobile"
"UgxdDJS93fDT9hz5EQB4AaABAg","@Berttheturt314","You can get the razr 2025 for free with total wireless which is an insane deal",0,0,"2025-06-23T14:10:54Z","youtube","positive","mrmobile"
"Ugxm54x2Kh0_zs4Q4BR4AaABAg","@hristoforrotaru3454",",,Its Samsung, its Motorola, Samsung :))""",0,0,"2025-06-23T13:54:10Z","youtube","positive","mrmobile"
"UgwR-6S_iUqSaU0qTcp4AaABAg","@2810Mad","This is a 700euro phone over here",0,0,"2025-06-23T13:21:40Z","youtube","positive","mrmobile"
"Ugw0YGm-TzM0MDgmpX54AaABAg","@juhak","Niagara gang represent",0,0,"2025-06-23T12:51:10Z","youtube","positive","mrmobile"
"Ugz4rYtIIXLxNuvbZtF4AaABAg","@gsengillo","I've been using Microsoft launcher for a while now. Highly recommend trying out.",0,0,"2025-06-23T12:44:16Z","youtube","positive","mrmobile"
"Ugy1nDJX3wXM380nuI54AaABAg","@Franmatz","What they call a Quarter Pounder with cheese in Paris?",0,0,"2025-06-23T12:35:37Z","youtube","positive","mrmobile"
"UgySznEgn8awITECXwp4AaABAg","@botanicalstig","Z fold 4 owner. I rarely open it to use that big display. Photo editing.... Sure. But I don't enjoy most things like web browsing etc on that form factor. I might try a razr.",1,0,"2025-06-23T12:27:29Z","youtube","positive","mrmobile"
"UgxybIF2R-e8efSJ3wZ4AaABAg","@NinetiesKiddd","I have all AI features turned off. Can’t stand it.",0,0,"2025-06-23T12:25:51Z","youtube","positive","mrmobile"
"UgyGLMHuazJAm7ZijCl4AaABAg","@rikiyrkshkmr","Bad choice of chipset.",0,0,"2025-06-23T12:24:32Z","youtube","positive","mrmobile"
"UgyH-O7tA1MPqNULEIp4AaABAg","@iAfroTech","Fold and flip formats are interesting but i'm not ok to pay those prices for those features and lack.
Whatever it's Motorola, Samsung or another brand.
Those phones are also more fragile 🫤.",1,1,"2025-06-23T11:52:57Z","youtube","positive","mrmobile"
"Ugxh8fXCUm7m7sYaTSN4AaABAg","@ilmt","The AI's 'underestimating travel time on foot', I don't know what the difference was, but for me, what Google maps shows is usually almost double of what it actually takes me, if going alone (no rushing, just purposely going towards the destination). The on-foot times from Google Maps are somewhat accurate when I go with my kids (7,6, and 3yo). Just FYI.",0,0,"2025-06-23T11:41:41Z","youtube","positive","mrmobile"
"Ugxgx2QKYrDLcZt_i-x4AaABAg","@lancergt1000","In some countries, selling a **$700** phone with only Dimensity 7400 would be a tech scandal at best, and a knuckle sandwich at worst",0,0,"2025-06-23T11:34:21Z","youtube","positive","mrmobile"
"UgzO3AkLgioiJbIiEAt4AaABAg","@Vib-zzz","Watch out for mini earthquakes haha 4:34",0,0,"2025-06-23T11:14:26Z","youtube","positive","mrmobile"
"UgxYwCPfNLkRQQWSwrx4AaABAg","@TheTinyau9","Finally for this review! Waiting for sooooo long, thanks Mr mobile!",1,0,"2025-06-23T11:12:41Z","youtube","positive","mrmobile"
"UgwVoGm38xIVOVSKsDV4AaABAg","@GTArajgaming","As much as I love motorola's flip phone..... they need to get the thermals under control, remove Ai from it's devices and offer better optimization of it's software.
The razr ultra from last year has weird issues with the cover screen going to a low refresh rate, the 2025 model does the same thing but with the inner display..... in the flip  world moto is on top of the world with the best design and overall feature set.... how do you fumble and drop the ball this bad?",2,0,"2025-06-23T10:38:51Z","youtube","positive","mrmobile"
"Ugz6TzW_9hmbAnhgOEl4AaABAg","@JomasterTheSecond","I got my Razr in Paris and it's goin' gorillas.",4,1,"2025-06-23T10:32:05Z","youtube","positive","mrmobile"
"Ugxsc29RnWcAlRKfjpF4AaABAg","@stopmotionadventures4812","9 hours ago",0,0,"2025-06-23T10:29:23Z","youtube","positive","mrmobile"
"UgwKZ9e5haWol9tTcGt4AaABAg","@KontrolStyle","bummer, sounds like another miss for another flip phone.",0,0,"2025-06-23T10:15:50Z","youtube","positive","mrmobile"
"UgyEvFqpgAWGj1OMG9t4AaABAg","@oumakavoula","Great video, do you know if moto is cooking a fold ?",0,0,"2025-06-23T10:07:19Z","youtube","positive","mrmobile"
"UgyRK16vXBUJq6fQ2Nt4AaABAg","@chrisparmer4983","My one question is how is the call quality and reliability of the Razr Ultra?

I have been using my iPhone 16 Pro. This device has been a disappointment lately with buggy software and issues with call reliability. 
 
I have had one reoccurring problem after another with calls dropping or failing altogether for the past year. I have been using my S25 Utra which has solved the issue with call reliability but is not the most ideal form factor with such a large slab style phone.",0,0,"2025-06-23T10:05:02Z","youtube","positive","mrmobile"
"UgzP4y3ZyKy9NtF87U54AaABAg","@Lord_LindaThePhilosopher","7:20 no no gemini is just bad. If it was GPT little to no issues gemini for me is SO bad with context i never use it and it get things wrong about 90% of the time. GPT is the complete opposite.",0,0,"2025-06-23T09:55:08Z","youtube","positive","mrmobile"
"UgzvpLvW8T2ROmUXaOB4AaABAg","@doomy_doomy2225","9:11 won’t be an issue. Unless something has changed since my time in wireless sales , 3 years ago, most people who buy the budget motos buy another one after two to three years and do not know any better. It would be crazy when, at the time, the Pixel 6A was $199.99 and I would get customers accusing me of trying to scam them cause I said it was better than their Moto G Pure. Blew my mind. Verizon and Moto have a very good bed and so does Moto and Metro. They are not going anytime soon.",2,2,"2025-06-23T09:22:37Z","youtube","positive","mrmobile"
"UgzrCvMoZqFf3wAlB5V4AaABAg","@chat-1978","Why do a review when almost nothing has changed? Because youtube and income. I don't care and it's fully understandable. It's just annoying that you are trying to present it differently including the ""fun"" angle you always quote. If the channel was built upon that, unfortunately those elements are no longer there. It's a standarized household item, partially thanks to the good job of reviews like you.

Around 1:35-140 the edge of the phone on the right does some weird things as it's rotating",0,0,"2025-06-23T08:58:04Z","youtube","positive","mrmobile"
"UgxA9peHjw8oNTdRraV4AaABAg","@YashAtishay","If it overheated so much and lad so much in Paris, imagine what it will do in Mumbai",1,0,"2025-06-23T08:49:08Z","youtube","positive","mrmobile"
"Ugx30T15Mha3jcJieJZ4AaABAg","@martylinane7014","No Clickity-clicks? (smile)..   thanks for the review... next ""smartphone"" detox..  Sonim Xp3   real flips!!!  ha    ps..  you're the reason I use Surfshark..",0,0,"2025-06-23T08:40:06Z","youtube","positive","mrmobile"
"UgxZpUr7BQLy5Y683YF4AaABAg","@NeptuneCheeseCake","I think the only episodes set in Paris were We’ll Only Have Paris (TNG) and Paradise Lost & Homefront (DS9)?",0,0,"2025-06-23T08:34:45Z","youtube","positive","mrmobile"
"Ugy3D1O_trXv1LeOcrN4AaABAg","@potatomoustach2951","moto Ui is the worst os experience that I've ever had and I don't even own a Motorola, a friend of mine bought it and had loaned me that for a few weeks for work purposes, and I'm glad I don't own it.",0,0,"2025-06-23T08:32:52Z","youtube","positive","mrmobile"
"Ugz-aFwnd2YM7irfL7h4AaABAg","@scar1et3nvoy19","Looking forward to Samsung's offerings this year 😂",0,0,"2025-06-23T08:01:04Z","youtube","positive","mrmobile"
"UgyXnj99D7ybsTb_Kwl4AaABAg","@Segevgab","The droid razr was my first android was the best looking phone I had",0,0,"2025-06-23T07:52:12Z","youtube","positive","mrmobile"
"UgwhCDdGXxn8u5soZZJ4AaABAg","@r0x0r-p4t","What did you use (outside of the RAZR) to film this video? That judder and ""echo"" effect at 1:35 (most pronounced on the left of the hand and phone) looks like it came from a 1980's music video.",3,1,"2025-06-23T07:47:31Z","youtube","positive","mrmobile"
"UgzYK6AsAF_tNCryo6t4AaABAg","@Geekosification","""It's Samsung"" 
- This pretty much sums up every time I try to explain someone how my phone is not an Iphone.",317,7,"2025-06-23T07:46:25Z","youtube","positive","mrmobile"
"UgyUsP5A0Z2lXHBN_Sp4AaABAg","@Kenneth_James","But Lenovo owns Motorola and Chyna owns Lenovo so no thanks",0,0,"2025-06-23T07:39:01Z","youtube","positive","mrmobile"
"UgzJ88-5koupUvufnhR4AaABAg","@ThierryTiramisu","11:21  flippin foldy bois 😂",1,0,"2025-06-23T07:37:22Z","youtube","positive","mrmobile"
"Ugy2Knf1tGizsuY2Mbl4AaABAg","@ThierryTiramisu","3:05 nice alliteration mr. Mobile!",3,0,"2025-06-23T07:28:29Z","youtube","positive","mrmobile"
"Ugzt6yjwtdtAKDHhMr94AaABAg","@ThierryTiramisu","2:35 digital re-tox 😂",9,0,"2025-06-23T07:27:23Z","youtube","positive","mrmobile"
"UgzAtfubC7wP1NdMBll4AaABAg","@franklee8032","No updates on Clicks for Razr 2025?",0,0,"2025-06-23T07:25:19Z","youtube","positive","mrmobile"
"UgyJ_N47ABT4al2u2y54AaABAg","@NJS-m6j","I wish you had access to Chinese brands. A reviewer like you deserves every piece of technology to review.",11,1,"2025-06-23T07:22:06Z","youtube","positive","mrmobile"
"Ugx4tZTM_8T8cxwaKG54AaABAg","@PK88S09","I'm surprised no-one snatched your phone or your camera while walking in Paris.",12,1,"2025-06-23T07:18:31Z","youtube","positive","mrmobile"
"UgzR-mfKz1L5RNAlFU54AaABAg","@AmazedStoner","The Motorola razr on Verizon is amazing. Mine is going to cost me a grand total $0 if you ignore the three years of service I will be paying for. Still though it is doing better than the 13 mini it replaced as my 13 mini after three years ended up with such a bad battery that it would discharge despite being plugged in if you simply have the screen on. 

My only complaint about this new razr is the amount of shovelware that comes preloaded on the phone.",0,1,"2025-06-23T07:12:32Z","youtube","positive","mrmobile"
"Ugz0dZMIzXdJYvycfX94AaABAg","@GTDragonGaming","It's Samsung?",10,0,"2025-06-23T07:11:57Z","youtube","positive","mrmobile"
"UgxwDOFw10C8qY7OURN4AaABAg","@chrissmith2963","this is a bummer. maybe next year..",0,0,"2025-06-23T07:05:31Z","youtube","positive","mrmobile"
"UgzW2rkmNtWLkkGJckh4AaABAg","@ReclaimerTyphoon","I've found AI to be pretty useful for low-complexity things, and it's sad that it failed so hard here. Also, I'm pretty sure my first folding phone will be from Apple, if ever.",0,0,"2025-06-23T06:59:05Z","youtube","positive","mrmobile"
"UgyttIUW-COPFcDEWZN4AaABAg","@drewsarkisian9375","Thank goodness I don't give a crap about phone cameras.",0,0,"2025-06-23T06:57:05Z","youtube","positive","mrmobile"
"UgyFy655SKUF1Cy1UDd4AaABAg","@andyH_England","It's good to see budget flip phones, although the premium versions are already poor value compared to candy bar phones in terms of specs at half the price. This Razr 2025 is articulated as 'you get what you pay for'. If you are a light casual user in a temperate climate, then this is a good test for whether you like flips -- I tried and it's not for me. I recommend instead buying a refurbished Flip 6, despite Samsung's QC seemingly on the decline as they save money. With the lack of demand for flips, already nearing their peak -- exactly as I expected, a niche product -- secondhand, their price is in freefall. Around £400 in the UK, which is £700 less than the launch price. You do have to hope that it survives to get some value for money, as the creaking screen is still a reminder of Samsung's flawed design choices.

There are too many compromises for this Razr to be suitable for a smartphone purist who expects to keep it for 3-5 years, if it can last that long. I doubt Lenovo makes money on these, and it's more of a spoiler to disrupt Samsung's flip sales, a party trick that Samsung has targeted rivals with for years.",1,0,"2025-06-23T06:54:55Z","youtube","positive","mrmobile"
"UgyRAxt5WVtMoTYA9AN4AaABAg","@archang3l7","2:50 Dude's flexing on us by having Picard on speed dial",92,0,"2025-06-23T06:52:56Z","youtube","positive","mrmobile"
"Ugy4gvBWeE3SY5ROfSt4AaABAg","@ShoesForLouie","Agreed Motorola software needs help.  I recently returned a Razr+ 2023 that I got for an absolute steal on clearance at BB.  Don't get me wrong I have been a Moto fan since the Cliq XT way back when.  It's a shame.",0,0,"2025-06-23T06:39:09Z","youtube","positive","mrmobile"
"UgzkqS7jrX6kEqpwCJV4AaABAg","@RMILLSMMA","It's already been said multiple times but the insistence of companies to shoe horn AI into EVERY scenario it's getting a little frustrating now.
If you're not hitting the basics on the hardware (in this case cameras) I'd much rather time was spent on this than. what is a glorified Google search feature that in my use cases seems to get thing wrong with shocking frequency. Once again a great video though. 👍🏼",45,0,"2025-06-23T06:35:37Z","youtube","positive","mrmobile"
"UgyOeVHcEW3ks5Aoh_V4AaABAg","@Poita316","Moto has so many advantages. I just don't understand their update policy.",0,0,"2025-06-23T06:30:27Z","youtube","positive","mrmobile"
"UgwwoJX_Fq1mL818PqJ4AaABAg","@abhishekpratapsingh2937","There should be a button to open all flip phones because they are so slim and opening them is not comfortable.",0,0,"2025-06-23T06:18:33Z","youtube","positive","mrmobile"
"UgwO1BmrY4m2aIn8BwR4AaABAg","@chandrawijaya7167","owh boy, what a beautiful phone... I hope moto can bring this phone to Indonesia soon",0,0,"2025-06-23T06:08:39Z","youtube","positive","mrmobile"
"UgxRZmmwPPj4nbsie1B4AaABAg","@rokyo401","The Gemini part sounds like Mr. Mobile's slow descent into AI.  I've been there! 😂",12,0,"2025-06-23T06:02:36Z","youtube","positive","mrmobile"
"UgyK8-dGn3-rI4UlUBl4AaABAg","@darthbroda","I hope you saw more of Paris than what you showed in the review!",1,0,"2025-06-23T05:55:59Z","youtube","positive","mrmobile"
"UgxeUJTWBhvMyJEESC14AaABAg","@m1r993","You mean you DIDN’T try to look for the ledge to recreate the vista from TNG season 1 We’ll Always Have Paris? ;)",0,0,"2025-06-23T05:54:13Z","youtube","positive","mrmobile"
"UgwWSWY6kH9hk1FzKs94AaABAg","@charlesrivers9509","Cool and convenient phone , the base model does the job if your trying save money , and a lot of cool tricks  to control the camera and other features with just your hand",1,0,"2025-06-23T05:44:29Z","youtube","positive","mrmobile"
"Ugw-1wJ8mNC7SlUVg5h4AaABAg","@Nicole-z8g","I hope you check out the Huawei pura x....",0,0,"2025-06-23T05:41:33Z","youtube","positive","mrmobile"
"UgynmwHsrzPMRWAMrY54AaABAg","@VerbalGenius09","Great review! I have the razr ultra and IMHO, it's the best phone I have had in 10 years! I had all the Samsung flips and razr ultra crushes all of them! Snappy, good camera, great battery life, have gotten over 8 hours of SOT and yet to fully drain it completely, chargers fairly quickly and the hinge is awesome!",1,0,"2025-06-23T05:32:39Z","youtube","positive","mrmobile"
"UgxxpUdZuPwUF6nx05x4AaABAg","@MilkLegScoop","Is it just me, or was the old voice assistants more accurate than the current Ai garbage? I would rather have an assistant that actually works with fewer ""features.""",6,2,"2025-06-23T05:32:35Z","youtube","positive","mrmobile"
"UgyfBx--zYPS9HO2m4d4AaABAg","@kreedTech","Did those Atoms 👌🏾",0,0,"2025-06-23T05:27:47Z","youtube","positive","mrmobile"
"Ugw_fs-tUnBd--EvFSZ4AaABAg","@bad65dad","Nice review Michael great starting price for people that want a pocket foldable",0,0,"2025-06-23T05:21:30Z","youtube","positive","mrmobile"
"Ugx-aw2bBchx-PpGNqh4AaABAg","@PokhrajRoy.","Flip phones making a comeback was just wishful thinking but we want more now.",0,0,"2025-06-23T05:21:23Z","youtube","positive","mrmobile"
"Ugy90v9NVSAHg02HDU54AaABAg","@FatNorthernBigot","I didn't even know mid-range foldables were a thing. 😨",0,0,"2025-06-23T05:18:07Z","youtube","positive","mrmobile"
"UgyNVdC-UQ9il3TCFaR4AaABAg","@a3ndre","Side topic: can somebody please tell me which sunglasses he’s wearing? thank youuuu",0,0,"2025-06-23T05:03:44Z","youtube","positive","mrmobile"
"UgxKmr507EgQDDDYrM94AaABAg","@kopkiwi08","Hope you're able to dip your review toes into the upcoming Vivo Fold 5. Looking like the foldable to beat",0,0,"2025-06-23T05:03:01Z","youtube","positive","mrmobile"
"UgxV0eCjy50v8xSQcfB4AaABAg","@diracraj1","1:12 how is 36 * 16.66 = 599.76 ""cheaper than"" the real price?",0,1,"2025-06-23T04:57:51Z","youtube","positive","mrmobile"
"UgwXFmHiAmGKn2YrzJN4AaABAg","@WhatDoesntkillYa","3 years of software updates. Motorola is such a joke",0,0,"2025-06-23T04:53:39Z","youtube","positive","mrmobile"
"UgzVHUv7fV1PAdmlhqB4AaABAg","@johnnyjoestar7769","Who was in Paris? 
Mr. mobile",8,0,"2025-06-23T04:53:34Z","youtube","positive","mrmobile"
"UgyZ_IgzLFty2pVLet94AaABAg","@MaxMiller94","It's a faux pas to comment at the beginning of a video, but my goodness, right off the bat, those colors pop so hard. I am so sick of a smartphone industry that has eschewed color in favor of a safe bland nothing, I'm so very grateful to Motorola that they have defiantly continued to be fun.",23,0,"2025-06-23T04:45:21Z","youtube","positive","mrmobile"
"UgxGljTDo29Ey_o2Vi94AaABAg","@TewaAya","Did moto disband their mobile desktop? I've wanted to get this one to work scrolling than for please.",0,0,"2025-06-23T04:39:30Z","youtube","positive","mrmobile"
"UgycAFy0tsr9BeC_Ti94AaABAg","@jonafoto","I'm so glad you reviewed this one. Google Fi had a deal to buy it for $350 but the overheating and the middling camera performance would have been a deal breaker for me.",70,1,"2025-06-23T04:35:47Z","youtube","positive","mrmobile"
"Ugw0wg1nVbImTlEWy9l4AaABAg","@abbyhunker3956","I just got mine on Friday I got the blue one so far it's great",0,0,"2026-05-18T02:46:07Z","youtube","negative","phonearena"
"UgzzrLBomjivtVidU7R4AaABAg","@John-i9z2j","Doesn't shave well!🎉",0,0,"2026-05-07T20:38:27Z","youtube","negative","phonearena"
"UgxqO_4fRfSx3VHp0YZ4AaABAg","@WhiskeyWish119","I've had the regular Razr 2024 since it came out. I haven't had any problems out of it at all. I'm about to get the 2025 ultra. Hopefully it's as good as the base razr.",0,0,"2026-04-27T01:21:39Z","youtube","negative","phonearena"
"UgyF6eySVmuqoDY4djx4AaABAg","@Killerkraft975","As a photographer, the camera is no issue. I have my own stand alone camera for quality. Other than that, almost no harsh downsides",1,0,"2026-04-25T00:17:39Z","youtube","positive","phonearena"
"UgyE3MXfqfBMPEtaV6V4AaABAg","@chefrob1020","TBH, if you choose a flip phone, it's not for the features. It's for the LACK of features. I'm getting one to draw-down from smart(er) phones. I just want a small phone that I can answer, take a decent photo and text...maybe pays some bills and shop Amazon/ebay. I don't need a laptop, I just want a phone in my pocket. Not a pocket for my phone.",0,0,"2026-04-20T14:44:12Z","youtube","negative","phonearena"
"UgxLe-vm7hSlIExD98N4AaABAg","@lapiswolf2780","What about software support?",0,0,"2026-04-14T11:22:27Z","youtube","negative","phonearena"
"UgyRXEkco6CpKamyQcN4AaABAg","@user-dg6lh2mt8g","just the razr retro theme is worth 500 bucks to me",0,0,"2026-04-13T21:57:54Z","youtube","negative","phonearena"
"UgxAHFxVjMRJAdU6ARR4AaABAg","@wakohunde3859","Does it support wireless charging",0,0,"2026-04-05T23:10:58Z","youtube","negative","phonearena"
"UgwS0rhF1xRPSeLnu4p4AaABAg","@jokester5812","Please please bring a flip phone out without that stupid screen on the outside,  im perfectly capable of fliping the phone open when i want to use it, THAT'S THE WHOLE POINT.  If u want the screen outside just buy a normal phone.  I really want a flip phone, the green razor40 was great. Please please",0,0,"2026-04-03T18:13:11Z","youtube","negative","phonearena"
"UgxPTW4A7a__7v1jrFB4AaABAg","@AmericanFry","You can’t find anyone on the entire internet who has had hands on experience with this spring green Razr that will say what the back material is made of",0,0,"2026-03-22T02:16:10Z","youtube","negative","phonearena"
"UgwLckND_XBqnxtkl1F4AaABAg","@HellaMuslim","Motorola is slept on",0,0,"2026-03-21T22:05:45Z","youtube","negative","phonearena"
"UgxF3u6iXDoYrgU4WTp4AaABAg","@kindredlebel9175","got it through my carrier for $99",0,0,"2026-03-19T01:38:41Z","youtube","negative","phonearena"
"UgxnBdq6ygCk94GDLA54AaABAg","@xChrXisx777","I got the base as a business line. Verizon currently has the base on them with the fifa style colorway and I can’t pass up a special edition.",1,0,"2026-03-14T07:46:18Z","youtube","positive","phonearena"
"UgzlLXWzhlP2FR9nW_d4AaABAg","@krazivon6659","Got the base version for 549",1,0,"2026-03-11T03:31:39Z","youtube","positive","phonearena"
"UgzQcXqUcXYGqyzjd2J4AaABAg","@lololounge8281","What about mic quality? I don't think it sounded very good but maybe that's just waht phone mics sound like?",1,0,"2026-03-09T22:44:12Z","youtube","positive","phonearena"
"UgzgxY5ruEXQ6h07D2l4AaABAg","@davdooo-k9w","So if there are 3, which are the 2 you are comparing? Great video but i'm confused by that.",2,0,"2026-03-07T01:57:57Z","youtube","positive","phonearena"
"UgyjHjRlIUtFt_BxscF4AaABAg","@davdooo-k9w","Is the 2025+ the same as the 2025 ultra?",0,0,"2026-03-07T01:52:03Z","youtube","negative","phonearena"
"Ugw6GMuBnueEBNjeBhB4AaABAg","@MistyBlue-d8s","*Ye tickle me yarbourles. Can ye speaka de English ?*",1,0,"2026-02-25T08:44:19Z","youtube","positive","phonearena"
"Ugzpt28Hom6aXTy9ZN54AaABAg","@TheUnfortunate518","Just bought this phone it's straight fire, Thought for sure it would able to flip and that was it a normal phone but nope this thing is powerful and just beautiful all around.",1,0,"2026-02-25T02:49:27Z","youtube","positive","phonearena"
"UgxyqH2WvlymkUIF-1F4AaABAg","@Insanetheproducer","Why complain over a camera on a phone? That doesn’t really make the phone bad. If you want a real good camera then just buy an actual camera 😂",0,0,"2026-02-23T20:35:05Z","youtube","negative","phonearena"
"UgxPG6dLpdEDG8IIu0J4AaABAg","@AndyHines-qo9vi","I don't use a phone for editing photos, playing games, watching movies or taking selfies (stupid idea anyway).  I have Z Flip 5.  It's my second one.  The first one the screen crapped out.  The second one overheated to the point it was difficult to hold.  I only listing to Music, Audiobooks, occasionally text, phone calls.  I don't use a phone for anything else.  This one looks great.  It's also one I use to record teaching audio's (not videos).  I don't walk around on the street with my eyeballs glued to the phone.  The idea of paying a lot of money for the phone is dumb (for me).  I take an occasional photo, but I don't buy a phone for the camera.  So this little puppy should do what I need.  Oh and I do Bluetooth with my Subaru.",0,0,"2026-02-18T04:08:39Z","youtube","negative","phonearena"
"UgwWjDrycgxPCV2Vr614AaABAg","@Krystalmyth","Base RAZR looks so much better than the Plus and Ultra lol. Motorola keeps giving their expensive models the worst colors and wonders why nobody buys them. 😂",0,0,"2026-02-16T18:26:13Z","youtube","negative","phonearena"
"UgyOOdHC5pkb-ViC_9l4AaABAg","@juanpablolopez5551","No lo compren ,al medio año  la pantalla interior, aunque tenga poco uso le empiezan a salir líneas blancas  en medio de la pantalla orizontales después verticales ,en resumen es una basura 🗑️tienes garantía de fabrica y no sirve para nada, la compostura te sale igual que si comprarás otro teléfono nuevo",0,0,"2026-02-03T01:32:03Z","youtube","negative","phonearena"
"UgxfZ7WaaMSOI1YYAvZ4AaABAg","@synthetictruth671","160 on marketplace im debating hard",0,0,"2026-01-21T02:55:26Z","youtube","negative","phonearena"
"Ugyh6LZcacldKB4hEaN4AaABAg","@qwq203","I wish Verizon would come back out with the Palm. I sure do miss mine.",1,0,"2026-01-19T10:12:30Z","youtube","positive","phonearena"
"UgwD6jSzUlZXTkdsYWR4AaABAg","@ryannryder3095","woke up this morning, flipped it open and the screen broke. a tiny screw fell out of the side. after 7 months the swinging side hinge gave out. the front screen still works. $99 for insurance to replace it.",1,0,"2026-01-05T17:17:10Z","youtube","positive","phonearena"
"UgzAbB-CG-qg6h_qmiB4AaABAg","@EhCanadianStud","I just got one the base model, it's been working great the camera maybe being worse then some other modern phone with similar prices doesn't really bother me because what the heck I was upgrading from a iPhones 7 so like big difference for me.",1,0,"2025-12-26T04:21:14Z","youtube","positive","phonearena"
"UgwQL8YinADChLy3UYV4AaABAg","@lud4cr1sx","Finally it feels like i got a new phone I'm done with i phone , my i phone 13 pro was ok but I'm never paying a Chuck of 🤑 for a phone",0,0,"2025-12-22T18:24:55Z","youtube","negative","phonearena"
"UgxkGyMYynPMRmGDMnN4AaABAg","@lud4cr1sx","I got my from boost $270 there's no need to pay $1,000 for a phone just to be on YouTube and social media😂  camera is fine",1,0,"2025-12-22T18:20:48Z","youtube","positive","phonearena"
"UgxB3e_6YKvGPSiiqQV4AaABAg","@Chuckseese","I need a second phone, the razor 2025 or the flip 6? ""fold 6 current phone""",1,1,"2025-12-18T04:21:23Z","youtube","positive","phonearena"
"Ugyp2XB2_O3gdSujgnp4AaABAg","@RootedNemophileAlchemist","I don't know how to explain this as Google isn't helping. My razor 2025 is about 2 weeks old. When I'm using full screen, key board, texting etc the screen just closes. Even while I typed this it closed. When I reopen at least I don't lose what I've typed. Do I have defective phone? Anyone experiencing this? I have hard reset, cleared cache etc but it's still doing it. So much I'm reaching out to anyone before I turn the phone in and go another brand. Help",1,1,"2025-12-13T20:27:00Z","youtube","positive","phonearena"
"UgzEf9Up6GC5_ydfmLJ4AaABAg","@Nardy-s7s","Why do people lie just to kick it.because this phone display is awesome outside",0,0,"2025-12-12T22:33:03Z","youtube","negative","phonearena"
"UgwLRwbL1px2aCZi3sN4AaABAg","@DoodleToast-c4o","So interesting how commenters here also have the same phone as me- Samsung Galaxy S24 Ultra and we're weary of its sheer size! Motorola really targeted the right audience 🤣",0,0,"2025-12-01T23:02:37Z","youtube","negative","phonearena"
"UgzBdov-iZxoH57W8_t4AaABAg","@sethmorrow1684","I caught the visible deal for 100 and coming from the moto g power 2025 im happy with the upgrade lol",0,1,"2025-11-29T23:33:09Z","youtube","negative","phonearena"
"UgyKKV0U91yoGrkNDml4AaABAg","@adam_gaik","Switched from the S23 to the Razr 60 Ultra, mainly because of the poor battery life. This Motorola is amazing!",0,0,"2025-11-27T10:13:32Z","youtube","negative","phonearena"
"UgxbfWwJT_-GQWP6n2R4AaABAg","@cinn7058","You pay $800 to $1300 for a phone and they can't even send you a plug for Tyne new USB Type-C Cable which isn't common and we can't even charge it until we buy one. How cheap of the company.",0,0,"2025-11-16T03:53:31Z","youtube","negative","phonearena"
"UgxZ7eBISMt2M7VkYEF4AaABAg","@bryanmeier272xp8","great review im looking at maybe getting one for 80 dollars but i dont really care about 4k video or games but i hope it is ok at 1080 and hope its ok on video call thats about it if it wasn't so cheap id probly try for a used s22 or s23 plus or ultra iv been using regular s21 for 3 years no problems but my son has taking it over and im useing a cracked note 20 ultra so if i dont get a cheap used phone id probly end up trying to fix my note 20 ultra screen my self but im guessing they probly stopped updates on it",0,1,"2025-11-15T20:33:27Z","youtube","negative","phonearena"
"Ugw_GGW-x7yMQvUA1C94AaABAg","@abonnema","Why does no one talk about how hard this thing is to hold and use with one hand? Or is that just the norm now that all phones are massive? I'm a tall male with large hands and I almost drop this thing daily with or without the case cause you cannot reach the top quarter of the screen with one hand without a delicate balance. Is this normal in 2025?",0,0,"2025-11-12T23:02:34Z","youtube","negative","phonearena"
"UgzsTx6Awh8MUH8ewMh4AaABAg","@jasminejames5895","I’ve had an iPhone for yeaaaars just bought the 17. Idk why I’m here… maybe I’ll consider getting an android as a second phone one day 💭",0,0,"2025-11-05T03:54:55Z","youtube","negative","phonearena"
"UgwA2DlQ-UMoQUW0pTd4AaABAg","@jbsprojects8186","It's amazing how they nitpick these phones The whole point of getting a razr.... It's because of the flip and it's a smaller phone and the screen is protected that is the whole reason these bones are unbelievable unless you're some tick tock whacko it takes selfies 24 hours a day",5,1,"2025-11-01T08:24:00Z","youtube","positive","phonearena"
"UgxwvQK5SJ5VmgdL_9F4AaABAg","@BonesJones87","I have the base Motorola Razr 2025 (Gibraltar color) and it's simply amazing. What a smartphone 👌🏾",14,2,"2025-10-23T03:15:58Z","youtube","positive","phonearena"
"UgxgCFtTgn9O5qBG8XZ4AaABAg","@EscoTech1","News flash on any phone past 2022, things only get better.  So don't worry feeling left behind for all the new new. No matter what, all phones are great now.  Just durability, battery life, and repair capability matters now. The rest is nothing.  Enjoy",34,0,"2025-10-17T22:42:36Z","youtube","positive","phonearena"
"UgxsLr53hkZ4PjJdIgF4AaABAg","@beerramen","Considering converting from Apple gang, but wondering about the durability and the crease after a few months. Any insight?",1,1,"2025-10-17T17:14:06Z","youtube","positive","phonearena"
"UgywNR_rM8No_vd9hWl4AaABAg","@jimmiemack1947","I owned a Galaxy FlipZ 5 (AT&T)  It crapped out, It also had a problem with connecting to my cars WiFi. So I dumped AT&T and joined T-Mobile and got this flip Razr 2025. They had a Flip-5 but not enough memory but the Razr had plenty. First off the photo editor is the worse. When you edit a photo it's too small and hard to use the markup pens. Getting around the editing tools on the editor is a joke compared to my old Flip Z. Also, it does not have the ""shutter voice command to say ""shoot"". Really miss that! Have to do a timer function :-( .  The flashlight is another joke. Don't like doing the motion crap with the wrist to turn it on. Then you have to do the same to turn it off. Also, you can't make widgets. I searched and the phone does not find ""widget""!  Next is the volume control. I have Bluetooth hearing aids and the volume control is way too loud! Even at it's minimum setting is still too loud!",0,0,"2025-10-08T19:42:15Z","youtube","negative","phonearena"
"UgwZbQbX6fDC0UAiNfV4AaABAg","@jessequick6158","The base razr picture looked way better than the plus lol",5,1,"2025-09-22T17:57:12Z","youtube","positive","phonearena"
"UgwTWRnCvw9m0FKRpLV4AaABAg","@user-oo5bn2gy5v","I’m having trouble with notifications.  Weak phone speaker, weak vibrations",0,0,"2025-09-13T02:59:10Z","youtube","negative","phonearena"
"UgyCXgBojqVbRuEHlNh4AaABAg","@drdoc7508","Good review.. Im tired of large TAblet size phones.. going to try this Moto Razr",18,2,"2025-09-11T18:17:13Z","youtube","positive","phonearena"
"Ugw-Npg41XF5RQ-utgZ4AaABAg","@stefancogurik166","Wow that camera is horrible. Can't even see who you're taking photos of",0,0,"2025-09-07T06:18:41Z","youtube","negative","phonearena"
"UgzbkNUTP3SX0vwUFed4AaABAg","@boingomendoza8303","My top screen died on me before the 3 month mark. I sent it to Motorola. They ""fixed"" it. Nervous how long until it breaks again.",0,1,"2025-09-05T22:42:08Z","youtube","negative","phonearena"
"UgxIdiFVz-FP5fxDNRV4AaABAg","@unclefester831","It's currently going for 360$ on Amazon. It was 700$ when it came out.",1,0,"2025-09-03T16:03:17Z","youtube","positive","phonearena"
"Ugyt8jaEIerpqTwTlr14AaABAg","@DavidNicholson101","I’m trying to choose between the s25 edge and this phone.",2,0,"2025-09-03T02:22:47Z","youtube","positive","phonearena"
"UgytrY9CQwpKBORUrJ14AaABAg","@mre8ballgaming842","Should I get it for $299",1,2,"2025-08-25T05:32:15Z","youtube","positive","phonearena"
"Ugy_3jL9ho-YAeMFGGZ4AaABAg","@mikeromeo3579","Anybody knows how to reactivate the screensaver...it was working at one point then it stopped and I'm having hard time getting it back on",0,0,"2025-08-24T15:12:09Z","youtube","negative","phonearena"
"UgxxSMeTtshrj9O8UI14AaABAg","@michaelwilliams-yr9mr","I've been using Samsung for 10 years come next month store guy says try this new razor 2025 I heard him out activation fee waved phones were free I payed taxes on the phone they should be here Monday",0,0,"2025-08-24T02:01:40Z","youtube","negative","phonearena"
"UgzKuxdcmXkiwVFHzBZ4AaABAg","@momfromnj911","I initially had the 2023 model then upgraded to the 2025. Got it through my carrier for $300. This is coming from a Pixel 9 pro fold and Samsung 24 Ultra. I just wanted something compact again",0,1,"2025-08-23T19:51:05Z","youtube","negative","phonearena"
"UgyJGe-XjquqAm626-Z4AaABAg","@ghostjones5231","android users are 😂",0,1,"2025-08-21T02:17:36Z","youtube","negative","phonearena"
"Ugx3FZYD_Of1Dh4FH4J4AaABAg","@medicatedsquirrel420","One thing i dont get is i reviewers and alot of users and reviewers complain of low screen brightness outside in the bright sun.the same thing was said about the 2023 razr im currently using,yet the fix is dumb simple. Change your display to AUTO BRIGHTNESS when you are outdoors. I do this on my 2023 model and have NEVER had an issue with brightness,even with double astigmatism.",4,1,"2025-08-13T15:22:43Z","youtube","positive","phonearena"
"Ugx2IjgICSxEWoczW9V4AaABAg","@MorphBaller388","I might be a bit of a special case I started out having android phones and then I swapped to an iPhone out of necessity because my uncle had a spare one and have been stuck with Apple ever since. I’m currently using an iPhone 13 Pro Max and this will be my last iPhone. I’ve been interested in these razors because of the form factor so I’m curious to know what people think about whether me getting one of these phones would be an upgrade or not I guess.",2,1,"2025-08-08T20:21:27Z","youtube","positive","phonearena"
"UgyEzFYvptBNVatcKQV4AaABAg","@UnpopularOpinionOfficial","I actually carry an iPhone 16 plus, that’s my main phone. I bought this little guy for work. T-Mobile had it for 0.00 per month and 0 down if I added a line which is exactly what I wanted to do. So I got it. 

It’s camera and such aren’t my concern as I have the iPhone for that. I just want a cool folding phone that isn’t $2k lol",1,1,"2025-08-08T06:18:46Z","youtube","positive","phonearena"
"UgxVKrmIt9ompe9xGzh4AaABAg","@spiritanimal7516","Its $500 now",3,0,"2025-08-08T01:27:58Z","youtube","positive","phonearena"
"Ugy5--KLFGqnXwRtbnh4AaABAg","@takaveon","Switching over to android after years of using apple.",4,2,"2025-08-02T05:58:52Z","youtube","positive","phonearena"
"UgxcubuwEqSv3JTRkiR4AaABAg","@stevennovakovich2525","Have seen this phone for USD 199.99 + 2 months using Verizon's ""Total Wireless"" network at like, literally $110 for 2 full months of use. After 2 months you can get it unlocked and leave Total Wireless if you want, otherwise the cost stays at like $55/month to keep using Verizon's network. So total (no pun intended) is *$309.99,* which is pretty good actually.",0,0,"2025-07-30T19:00:14Z","youtube","negative","phonearena"
"Ugw4Z0F_NF5e-CV0PCx4AaABAg","@felixt1470","Can you get a screen protector and case for this phone?",0,1,"2025-07-20T14:49:42Z","youtube","negative","phonearena"
"UgxNv7Tc0yIDe-DDdYB4AaABAg","@jacobhernandez7366","I'm a t mobile customer and I'm eligible for an upgrade. This one caught my eye, it looks soo cool and sleek. I'm coming from a Samsung a25, which is not bad but I need a new phone and this one I'm thinking about getting!",4,0,"2025-07-16T15:48:54Z","youtube","positive","phonearena"
"UgzqyEhmosPxOV3DnAd4AaABAg","@javierhuerta6014","Rhis is the Razr 60? Or is different???",0,0,"2025-07-16T02:09:41Z","youtube","negative","phonearena"
"UgyRiDJj8L8BfUa8SQd4AaABAg","@Devildoghauler","i really dont think the camera is that big of deal its powerful little phone that does a lot. unless your camera junkie and need to make a lot of video and photo content just pull the trigger. added one to my plan today with t-mobile $114 after taxes not a bad deal to have a secondary back up device for my 16 pro max.",1,0,"2025-07-12T19:45:33Z","youtube","positive","phonearena"
"Ugz6_Kd7rnsqcNkzSrZ4AaABAg","@jasongardner8972","I just got mine today. Coming from a pixel 8a, galaxy z flip 5, and moto razr+ 2023, all in quick succession. This 2025 razr to me is hands down better than all those i listed. Im very pleased with it.",5,0,"2025-07-12T03:40:44Z","youtube","positive","phonearena"
"UgxXTWVXikv5kaRqOMp4AaABAg","@davek6489","Just moved over to the 2025 Razor flip from Samsung Flip 6. I am impressed with this Razor and not looking back. I have had 2 screen replacements in the last 11 months on my Flip 6. Motorola fan now.",21,3,"2025-07-07T20:16:53Z","youtube","positive","phonearena"
"UgxEhjrox9F68CNCtMV4AaABAg","@brianmillican4985","Im considering killing att znd going to cricket and getting the base moto razr 2025 for $299. My current phone is a galaxy 22 ultra.",2,3,"2025-06-27T21:04:44Z","youtube","positive","phonearena"
"Ugw-_7MOWdRwOYD7aPZ4AaABAg","@maddkatter7948","Good for my shorts in Florida.",1,0,"2025-06-26T00:45:14Z","youtube","positive","phonearena"
"UgyYn9qPH4X9LNugNfR4AaABAg","@damnhockey","great review, it is on sale near me for $240 CAD, it doesn't sound worth it",0,0,"2025-06-23T02:23:04Z","youtube","negative","phonearena"
"Ugzt5th0c4F4Snszg9t4AaABAg","@talonplum","is it worth it coming from iphone?",3,2,"2025-06-20T08:43:00Z","youtube","positive","phonearena"
"Ugx-5XYI2MqyCvuF2J14AaABAg","@gmamalee6588","Thanks",0,0,"2025-06-19T15:17:07Z","youtube","negative","phonearena"
"UgxK4aV-GzP4g6ELIoN4AaABAg","@ericyoung3183","I’m not even into foldables, but the Motorola Razr 60 on the Dimensity 7300X has me seriously tempted.",0,0,"2025-06-19T07:56:24Z","youtube","negative","phonearena"
"UgwxFhzj1kUR5nubbWd4AaABAg","@jonathanpeltier1380","How does it compare with the Razr 60 base model vs 40 Ultra?",0,0,"2025-06-18T03:51:31Z","youtube","negative","phonearena"
"Ugy4pNPX2Esra1OKxaJ4AaABAg","@TheDeathstar2000","The base version has outdated storage UFS 2.2 which is a deal breaker because even if it may not seem like an issue right away, it will cause the phone to slow down substantially as time goes on",0,0,"2025-06-15T09:19:22Z","youtube","negative","phonearena"
"UgxDhluneTlyI5IFhMJ4AaABAg","@BoodaN4sty","Idk if anyone knows this but these phones are always like 200 less at cricket lol",0,0,"2025-06-12T17:17:00Z","youtube","negative","phonearena"
"Ugyhzqgg-N505DmizDV4AaABAg","@todddebick9160","I'd be weary of the screen cracking right where it folds.",3,1,"2025-06-08T12:10:19Z","youtube","positive","phonearena"
"Ugw7wdNe3JBHpZSOKQp4AaABAg","@aeidla","i wanted to trade my flip5 for the 2024 base razr
more battery life, less overheating, cheaper price? sounds perfect to me

but i wanted to know how it would hold up longterm. i have had the flips 3 4 and 5 and the hinge improvements on the 5 were phenomenal. i need to know whether the razr can stack up on physical durability (and not just the hinge- does that fake leather get grubby? does it start to peel away from the metal parts? etc)

id hate to trade in a solid phone thats lasted me two years for something that wont last a year

but i could not find a single review update from anyone that had used it for longer than a week! i want to hear from someone thats been using theirs this whole time on the daily",3,0,"2025-06-05T07:11:55Z","youtube","positive","phonearena"
"Ugyet2W0zYiyRK1KEDN4AaABAg","@markschwacofer1802","I have the 2024 razor, I cant see stepping up, but I think you bash it too much. 3.6 inch is better than Samsung's. You can use most apps without opening the phone; the phone is bright enough, and the cameras are passable for average photography. My concern is updates as they are a lot shorter than the competition. The other thing is that most carriers offer deep discounts or even free if you are switching from another carrier.",13,3,"2025-06-04T06:07:08Z","youtube","positive","phonearena"
"Ugy1KizgMMG-QTrEQSN4AaABAg","@JMWexperience","Soft flexible plastic screen? No thanks.",0,0,"2025-06-03T17:24:08Z","youtube","negative","phonearena"
"UgzPD8IuuOHd01sSenN4AaABAg","@SLEITPWARRIOR","Their prices are wacko this phone isn't worth no 1400 dollars at all",0,0,"2025-06-03T08:44:22Z","youtube","negative","phonearena"
"UgzoveMNCPP9XGN-P5R4AaABAg","@HenryTheWebVoyager","As always great review! 🤌",2,0,"2025-06-02T06:23:04Z","youtube","positive","phonearena"
"UgxCm5xRNlqKPKF2VcR4AaABAg","@Altron1992","I'm glad to see I'm not the only convert coming from a Galaxy Ultra. The Razr Ultra has been amazing.",61,2,"2025-06-02T01:35:30Z","youtube","positive","phonearena"
"UgyuJuJpNmJNqmZ4yJd4AaABAg","@Darkstar2023A","Reviewers just don't get it. I have an s24 Ultra. Fantastic phone. I am tired of a big slab. I only really use the great cameras when on vacation. I wanted a smaller for factor and I am tired of paying over 1,000 USD for a phone. This entry level razor is perfect for a lot of people. I just got the Motorola Razor 2025 yesterday. So far so good. I got it through my carrier for 599.00.",210,21,"2025-06-01T19:59:16Z","youtube","positive","phonearena"
"UgxHRm54beSO6Gtmt7l4AaABAg","@abbypuri7877","I need a suggestion- 
Moto Razr 60 or the old Moto Razr 50 Ultra with just 7k more on Relaince Digital along with Moto Buds ?? Need a genuine advice",2,0,"2025-06-01T05:21:57Z","youtube","positive","phonearena"
"UgyifG1WjPixStvoVX54AaABAg","@EverSánchez","If you can get it on a deal for $500 - $400 just do it. This phone look badass, got mine today and the green color is just awesome, really cool phone.",39,4,"2025-05-31T09:53:07Z","youtube","positive","phonearena"
"UgzIpl3dNj_P36xVcgl4AaABAg","@rosets5113","I've been a Samsung girly most of my life decided to make a change now if you're big on customization like I am the ultra falls short think my biggest con is that it's almost like they force you to use the stock keyboard can't disable or uninstall you can download a keyboard but it defaults back to Gboard but I'm getting use to it because overall I love this phone ❤ It's a definite must buy 💯 I really love the fact I can do almost everything on the external screen",18,0,"2025-05-31T07:42:34Z","youtube","positive","phonearena"
"UgxwBfZ3AOdeCjMK88R4AaABAg","@LittleFishBigMind","Had the 2025 base model for a few days not as snapy as my pixel but overall its a good price for someone who wants to try flip phone but doesn't wanna spend a thousand (I got it @380 from google fi).",0,0,"2025-05-30T15:49:29Z","youtube","negative","phonearena"
"UgzZ2FATu_IhYP3ceul4AaABAg","@tschanck3712","Getting mine today! So excited.  Been using samsung for years! Ready for a change!!",51,6,"2025-05-30T13:32:04Z","youtube","positive","phonearena"
"UgxAupzBdpVPDoelr1R4AaABAg","@Jbabyyyy777","I just got mine and I LOVE it",9,0,"2025-05-30T10:55:00Z","youtube","positive","phonearena"
"UgyNvhAIjNJ7WM6MSU94AaABAg","@LGF18","I've had this phone (the blue one) for a few weeks and absolutely love it",27,1,"2025-05-30T08:07:30Z","youtube","positive","phonearena"
"UgyrVBBGiSA9hgGJbll4AaABAg","@douglpalmer9101","Lmfao the base is $199.",0,0,"2025-05-30T08:02:13Z","youtube","negative","phonearena"
"UgylbYdJTuAkEBT4a354AaABAg","@noams10","How can you tell it's perfect when the smaller screen doesn't cover the whole space? 😒",0,0,"2025-05-30T07:44:29Z","youtube","negative","phonearena"
"UgyDAc93lM8LE8vSOtp4AaABAg","@JakeobE","It looks comically tall when open. I guess it's the best smartphone for watching movies haha",1,0,"2025-05-30T07:02:00Z","youtube","positive","phonearena"
"UgxIeutZu8HM-o0MeX94AaABAg","@wingssaloon2821","I like it 👍❤",1,0,"2025-05-30T01:07:05Z","youtube","positive","phonearena"
"UgwSAz7f6uKzzzGt3oR4AaABAg","@loitersquadX","I have the base razr. I am coming from s25 ultra. This phone is perfect for everyone besides photography lovers. Cameras aren't bad but if you are a person who. Does heavy huge photography. And u dont have a camera id expect u want the Samsung. But if you are pro at camera control and want a great phone. This is that. It does better customization than Samsung",62,5,"2025-05-30T00:37:34Z","youtube","positive","phonearena"
"UgynmStE9-P4a5__Q314AaABAg","@ajac4093","I have the ultra right now and it is awesome.",20,2,"2025-05-30T00:15:26Z","youtube","positive","phonearena"
"Ugytnl1kHlzfRpk6Z714AaABAg","@INCREMENTAL7","I have the Ultra. I've had it for a week. My biggest gripe so far is call volume is pretty low.",6,3,"2025-05-29T22:41:50Z","youtube","positive","phonearena"
"UgxqmtE-ZlqMOA5I5Ux4AaABAg","@johnnykeener3727","Android usually is.",0,0,"2025-05-29T21:56:09Z","youtube","negative","phonearena"
"UgyPDUp7S1dPgi5fnDp4AaABAg","@hankuk777","meh..",0,1,"2025-05-29T20:21:57Z","youtube","negative","phonearena"
"UgxFkSshwGiyb8j_7hZ4AaABAg","@rapetkov","SD 8s gen 3 is different from SD 8 gen 3...",5,0,"2025-05-29T18:18:42Z","youtube","positive","phonearena"
"Ugyn1wvL3z6t3IZPFFp4AaABAg","@brandonmuse5532","AWESOME",2,0,"2025-05-29T16:40:47Z","youtube","positive","phonearena"
"UgwUNzZf2Bl6afr3Cit4AaABAg","@aryan5778","❤❤❤",2,0,"2025-05-29T16:39:08Z","youtube","positive","phonearena"
